rank,project_id,project_weight,sla_risk,employee_id,estimated_people,skill_staffing,employee_name,semantic_match,effective_hours,projected_utilization,final_score,decision,reason
1,java_backend_demo,76595.13,41.33,0,3,"{""Java"": 2, ""Spring"": 1}",0,0.0,20.0,2.0,0.2325,ranked_candidate,"Ranked using semantic match 0.0, effective capacity 20.0 hours, and current utilization 0%."
2,java_backend_demo,76595.13,41.33,037d7babd501f4c0,3,"{""Java"": 2, ""Spring"": 1}",037d7babd501f4c0,0.0,20.0,2.0,0.2325,ranked_candidate,"Ranked using semantic match 0.0, effective capacity 20.0 hours, and current utilization 0%."
3,java_backend_demo,76595.13,41.33,03e87031715ab1fe,3,"{""Java"": 2, ""Spring"": 1}",03e87031715ab1fe,0.0,20.0,2.0,0.2325,ranked_candidate,"Ranked using semantic match 0.0, effective capacity 20.0 hours, and current utilization 0%."
4,java_backend_demo,76595.13,41.33,049338bc9aa70eea,3,"{""Java"": 2, ""Spring"": 1}",049338bc9aa70eea,0.0,20.0,2.0,0.2325,ranked_candidate,"Ranked using semantic match 0.0, effective capacity 20.0 hours, and current utilization 0%."
5,java_backend_demo,76595.13,41.33,089050b6a11a41d0,3,"{""Java"": 2, ""Spring"": 1}",089050b6a11a41d0,0.0,20.0,2.0,0.2325,ranked_candidate,"Ranked using semantic match 0.0, effective capacity 20.0 hours, and current utilization 0%."
6,java_backend_demo,76595.13,41.33,095461b95e3ddcf8,3,"{""Java"": 2, ""Spring"": 1}",095461b95e3ddcf8,0.0,20.0,2.0,0.2325,ranked_candidate,"Ranked using semantic match 0.0, effective capacity 20.0 hours, and current utilization 0%."
7,java_backend_demo,76595.13,41.33,09567c5893ce64a2,3,"{""Java"": 2, ""Spring"": 1}",09567c5893ce64a2,0.0,20.0,2.0,0.2325,ranked_candidate,"Ranked using semantic match 0.0, effective capacity 20.0 hours, and current utilization 0%."
8,java_backend_demo,76595.13,41.33,096bd41320e43e64,3,"{""Java"": 2, ""Spring"": 1}",096bd41320e43e64,0.0,20.0,2.0,0.2325,ranked_candidate,"Ranked using semantic match 0.0, effective capacity 20.0 hours, and current utilization 0%."
9,java_backend_demo,76595.13,41.33,096d7e0c0fbeea99,3,"{""Java"": 2, ""Spring"": 1}",096d7e0c0fbeea99,0.0,20.0,2.0,0.2325,ranked_candidate,"Ranked using semantic match 0.0, effective capacity 20.0 hours, and current utilization 0%."
10,java_backend_demo,76595.13,41.33,0b7e0eb7a6bb007b,3,"{""Java"": 2, ""Spring"": 1}",0b7e0eb7a6bb007b,0.0,20.0,2.0,0.2325,ranked_candidate,"Ranked using semantic match 0.0, effective capacity 20.0 hours, and current utilization 0%."
11,java_backend_demo,76595.13,41.33,0b90c75a0ce3d65f,3,"{""Java"": 2, ""Spring"": 1}",0b90c75a0ce3d65f,0.0,20.0,2.0,0.2325,ranked_candidate,"Ranked using semantic match 0.0, effective capacity 20.0 hours, and current utilization 0%."
12,java_backend_demo,76595.13,41.33,0c543583203513ab,3,"{""Java"": 2, ""Spring"": 1}",0c543583203513ab,0.0,20.0,2.0,0.2325,ranked_candidate,"Ranked using semantic match 0.0, effective capacity 20.0 hours, and current utilization 0%."
13,java_backend_demo,76595.13,41.33,0c7ad2377e5964fb,3,"{""Java"": 2, ""Spring"": 1}",0c7ad2377e5964fb,0.0,20.0,2.0,0.2325,ranked_candidate,"Ranked using semantic match 0.0, effective capacity 20.0 hours, and current utilization 0%."
14,java_backend_demo,76595.13,41.33,0edc9631697f7373,3,"{""Java"": 2, ""Spring"": 1}",0edc9631697f7373,0.0,20.0,2.0,0.2325,ranked_candidate,"Ranked using semantic match 0.0, effective capacity 20.0 hours, and current utilization 0%."
15,java_backend_demo,76595.13,41.33,0fa54380b64d6a8a,3,"{""Java"": 2, ""Spring"": 1}",0fa54380b64d6a8a,0.0,20.0,2.0,0.2325,ranked_candidate,"Ranked using semantic match 0.0, effective capacity 20.0 hours, and current utilization 0%."
16,java_backend_demo,76595.13,41.33,1,3,"{""Java"": 2, ""Spring"": 1}",1,0.0,20.0,2.0,0.2325,ranked_candidate,"Ranked using semantic match 0.0, effective capacity 20.0 hours, and current utilization 0%."
17,java_backend_demo,76595.13,41.33,10,3,"{""Java"": 2, ""Spring"": 1}",10,0.0,20.0,2.0,0.2325,ranked_candidate,"Ranked using semantic match 0.0, effective capacity 20.0 hours, and current utilization 0%."
18,java_backend_demo,76595.13,41.33,100,3,"{""Java"": 2, ""Spring"": 1}",100,0.0,20.0,2.0,0.2325,ranked_candidate,"Ranked using semantic match 0.0, effective capacity 20.0 hours, and current utilization 0%."
19,java_backend_demo,76595.13,41.33,101,3,"{""Java"": 2, ""Spring"": 1}",101,0.0,20.0,2.0,0.2325,ranked_candidate,"Ranked using semantic match 0.0, effective capacity 20.0 hours, and current utilization 0%."
20,java_backend_demo,76595.13,41.33,102,3,"{""Java"": 2, ""Spring"": 1}",102,0.0,20.0,2.0,0.2325,ranked_candidate,"Ranked using semantic match 0.0, effective capacity 20.0 hours, and current utilization 0%."
21,java_backend_demo,76595.13,41.33,103,3,"{""Java"": 2, ""Spring"": 1}",103,0.0,20.0,2.0,0.2325,ranked_candidate,"Ranked using semantic match 0.0, effective capacity 20.0 hours, and current utilization 0%."
22,java_backend_demo,76595.13,41.33,104,3,"{""Java"": 2, ""Spring"": 1}",104,0.0,20.0,2.0,0.2325,ranked_candidate,"Ranked using semantic match 0.0, effective capacity 20.0 hours, and current utilization 0%."
23,java_backend_demo,76595.13,41.33,105,3,"{""Java"": 2, ""Spring"": 1}",105,0.0,20.0,2.0,0.2325,ranked_candidate,"Ranked using semantic match 0.0, effective capacity 20.0 hours, and current utilization 0%."
24,java_backend_demo,76595.13,41.33,106,3,"{""Java"": 2, ""Spring"": 1}",106,0.0,20.0,2.0,0.2325,ranked_candidate,"Ranked using semantic match 0.0, effective capacity 20.0 hours, and current utilization 0%."
25,java_backend_demo,76595.13,41.33,107,3,"{""Java"": 2, ""Spring"": 1}",107,0.0,20.0,2.0,0.2325,ranked_candidate,"Ranked using semantic match 0.0, effective capacity 20.0 hours, and current utilization 0%."
26,java_backend_demo,76595.13,41.33,108,3,"{""Java"": 2, ""Spring"": 1}",108,0.0,20.0,2.0,0.2325,ranked_candidate,"Ranked using semantic match 0.0, effective capacity 20.0 hours, and current utilization 0%."
27,java_backend_demo,76595.13,41.33,109,3,"{""Java"": 2, ""Spring"": 1}",109,0.0,20.0,2.0,0.2325,ranked_candidate,"Ranked using semantic match 0.0, effective capacity 20.0 hours, and current utilization 0%."
28,java_backend_demo,76595.13,41.33,10d343d910cb636b,3,"{""Java"": 2, ""Spring"": 1}",10d343d910cb636b,0.0,20.0,2.0,0.2325,ranked_candidate,"Ranked using semantic match 0.0, effective capacity 20.0 hours, and current utilization 0%."
29,java_backend_demo,76595.13,41.33,11,3,"{""Java"": 2, ""Spring"": 1}",11,0.0,20.0,2.0,0.2325,ranked_candidate,"Ranked using semantic match 0.0, effective capacity 20.0 hours, and current utilization 0%."
30,java_backend_demo,76595.13,41.33,110,3,"{""Java"": 2, ""Spring"": 1}",110,0.0,20.0,2.0,0.2325,ranked_candidate,"Ranked using semantic match 0.0, effective capacity 20.0 hours, and current utilization 0%."
31,java_backend_demo,76595.13,41.33,111,3,"{""Java"": 2, ""Spring"": 1}",111,0.0,20.0,2.0,0.2325,ranked_candidate,"Ranked using semantic match 0.0, effective capacity 20.0 hours, and current utilization 0%."
32,java_backend_demo,76595.13,41.33,112,3,"{""Java"": 2, ""Spring"": 1}",112,0.0,20.0,2.0,0.2325,ranked_candidate,"Ranked using semantic match 0.0, effective capacity 20.0 hours, and current utilization 0%."
33,java_backend_demo,76595.13,41.33,113,3,"{""Java"": 2, ""Spring"": 1}",113,0.0,20.0,2.0,0.2325,ranked_candidate,"Ranked using semantic match 0.0, effective capacity 20.0 hours, and current utilization 0%."
34,java_backend_demo,76595.13,41.33,114,3,"{""Java"": 2, ""Spring"": 1}",114,0.0,20.0,2.0,0.2325,ranked_candidate,"Ranked using semantic match 0.0, effective capacity 20.0 hours, and current utilization 0%."
35,java_backend_demo,76595.13,41.33,115,3,"{""Java"": 2, ""Spring"": 1}",115,0.0,20.0,2.0,0.2325,ranked_candidate,"Ranked using semantic match 0.0, effective capacity 20.0 hours, and current utilization 0%."
36,java_backend_demo,76595.13,41.33,116,3,"{""Java"": 2, ""Spring"": 1}",116,0.0,20.0,2.0,0.2325,ranked_candidate,"Ranked using semantic match 0.0, effective capacity 20.0 hours, and current utilization 0%."
37,java_backend_demo,76595.13,41.33,117,3,"{""Java"": 2, ""Spring"": 1}",117,0.0,20.0,2.0,0.2325,ranked_candidate,"Ranked using semantic match 0.0, effective capacity 20.0 hours, and current utilization 0%."
38,java_backend_demo,76595.13,41.33,118,3,"{""Java"": 2, ""Spring"": 1}",118,0.0,20.0,2.0,0.2325,ranked_candidate,"Ranked using semantic match 0.0, effective capacity 20.0 hours, and current utilization 0%."
39,java_backend_demo,76595.13,41.33,119,3,"{""Java"": 2, ""Spring"": 1}",119,0.0,20.0,2.0,0.2325,ranked_candidate,"Ranked using semantic match 0.0, effective capacity 20.0 hours, and current utilization 0%."
40,java_backend_demo,76595.13,41.33,12,3,"{""Java"": 2, ""Spring"": 1}",12,0.0,20.0,2.0,0.2325,ranked_candidate,"Ranked using semantic match 0.0, effective capacity 20.0 hours, and current utilization 0%."
41,java_backend_demo,76595.13,41.33,120,3,"{""Java"": 2, ""Spring"": 1}",120,0.0,20.0,2.0,0.2325,ranked_candidate,"Ranked using semantic match 0.0, effective capacity 20.0 hours, and current utilization 0%."
42,java_backend_demo,76595.13,41.33,121,3,"{""Java"": 2, ""Spring"": 1}",121,0.0,20.0,2.0,0.2325,ranked_candidate,"Ranked using semantic match 0.0, effective capacity 20.0 hours, and current utilization 0%."
43,java_backend_demo,76595.13,41.33,122,3,"{""Java"": 2, ""Spring"": 1}",122,0.0,20.0,2.0,0.2325,ranked_candidate,"Ranked using semantic match 0.0, effective capacity 20.0 hours, and current utilization 0%."
44,java_backend_demo,76595.13,41.33,123,3,"{""Java"": 2, ""Spring"": 1}",123,0.0,20.0,2.0,0.2325,ranked_candidate,"Ranked using semantic match 0.0, effective capacity 20.0 hours, and current utilization 0%."
45,java_backend_demo,76595.13,41.33,124,3,"{""Java"": 2, ""Spring"": 1}",124,0.0,20.0,2.0,0.2325,ranked_candidate,"Ranked using semantic match 0.0, effective capacity 20.0 hours, and current utilization 0%."
46,java_backend_demo,76595.13,41.33,125,3,"{""Java"": 2, ""Spring"": 1}",125,0.0,20.0,2.0,0.2325,ranked_candidate,"Ranked using semantic match 0.0, effective capacity 20.0 hours, and current utilization 0%."
47,java_backend_demo,76595.13,41.33,126,3,"{""Java"": 2, ""Spring"": 1}",126,0.0,20.0,2.0,0.2325,ranked_candidate,"Ranked using semantic match 0.0, effective capacity 20.0 hours, and current utilization 0%."
48,java_backend_demo,76595.13,41.33,127,3,"{""Java"": 2, ""Spring"": 1}",127,0.0,20.0,2.0,0.2325,ranked_candidate,"Ranked using semantic match 0.0, effective capacity 20.0 hours, and current utilization 0%."
49,java_backend_demo,76595.13,41.33,128,3,"{""Java"": 2, ""Spring"": 1}",128,0.0,20.0,2.0,0.2325,ranked_candidate,"Ranked using semantic match 0.0, effective capacity 20.0 hours, and current utilization 0%."
50,java_backend_demo,76595.13,41.33,129,3,"{""Java"": 2, ""Spring"": 1}",129,0.0,20.0,2.0,0.2325,ranked_candidate,"Ranked using semantic match 0.0, effective capacity 20.0 hours, and current utilization 0%."
51,java_backend_demo,76595.13,41.33,12be996dcfe6ea96,3,"{""Java"": 2, ""Spring"": 1}",12be996dcfe6ea96,0.0,20.0,2.0,0.2325,ranked_candidate,"Ranked using semantic match 0.0, effective capacity 20.0 hours, and current utilization 0%."
52,java_backend_demo,76595.13,41.33,12d968acbe92b441,3,"{""Java"": 2, ""Spring"": 1}",12d968acbe92b441,0.0,20.0,2.0,0.2325,ranked_candidate,"Ranked using semantic match 0.0, effective capacity 20.0 hours, and current utilization 0%."
53,java_backend_demo,76595.13,41.33,13,3,"{""Java"": 2, ""Spring"": 1}",13,0.0,20.0,2.0,0.2325,ranked_candidate,"Ranked using semantic match 0.0, effective capacity 20.0 hours, and current utilization 0%."
54,java_backend_demo,76595.13,41.33,130,3,"{""Java"": 2, ""Spring"": 1}",130,0.0,20.0,2.0,0.2325,ranked_candidate,"Ranked using semantic match 0.0, effective capacity 20.0 hours, and current utilization 0%."
55,java_backend_demo,76595.13,41.33,131,3,"{""Java"": 2, ""Spring"": 1}",131,0.0,20.0,2.0,0.2325,ranked_candidate,"Ranked using semantic match 0.0, effective capacity 20.0 hours, and current utilization 0%."
56,java_backend_demo,76595.13,41.33,132,3,"{""Java"": 2, ""Spring"": 1}",132,0.0,20.0,2.0,0.2325,ranked_candidate,"Ranked using semantic match 0.0, effective capacity 20.0 hours, and current utilization 0%."
57,java_backend_demo,76595.13,41.33,133,3,"{""Java"": 2, ""Spring"": 1}",133,0.0,20.0,2.0,0.2325,ranked_candidate,"Ranked using semantic match 0.0, effective capacity 20.0 hours, and current utilization 0%."
58,java_backend_demo,76595.13,41.33,133273598166869e,3,"{""Java"": 2, ""Spring"": 1}",133273598166869e,0.0,20.0,2.0,0.2325,ranked_candidate,"Ranked using semantic match 0.0, effective capacity 20.0 hours, and current utilization 0%."
59,java_backend_demo,76595.13,41.33,134,3,"{""Java"": 2, ""Spring"": 1}",134,0.0,20.0,2.0,0.2325,ranked_candidate,"Ranked using semantic match 0.0, effective capacity 20.0 hours, and current utilization 0%."
60,java_backend_demo,76595.13,41.33,135,3,"{""Java"": 2, ""Spring"": 1}",135,0.0,20.0,2.0,0.2325,ranked_candidate,"Ranked using semantic match 0.0, effective capacity 20.0 hours, and current utilization 0%."
61,java_backend_demo,76595.13,41.33,136,3,"{""Java"": 2, ""Spring"": 1}",136,0.0,20.0,2.0,0.2325,ranked_candidate,"Ranked using semantic match 0.0, effective capacity 20.0 hours, and current utilization 0%."
62,java_backend_demo,76595.13,41.33,137,3,"{""Java"": 2, ""Spring"": 1}",137,0.0,20.0,2.0,0.2325,ranked_candidate,"Ranked using semantic match 0.0, effective capacity 20.0 hours, and current utilization 0%."
63,java_backend_demo,76595.13,41.33,138,3,"{""Java"": 2, ""Spring"": 1}",138,0.0,20.0,2.0,0.2325,ranked_candidate,"Ranked using semantic match 0.0, effective capacity 20.0 hours, and current utilization 0%."
64,java_backend_demo,76595.13,41.33,139,3,"{""Java"": 2, ""Spring"": 1}",139,0.0,20.0,2.0,0.2325,ranked_candidate,"Ranked using semantic match 0.0, effective capacity 20.0 hours, and current utilization 0%."
65,java_backend_demo,76595.13,41.33,13b8c4ad1820d76e,3,"{""Java"": 2, ""Spring"": 1}",13b8c4ad1820d76e,0.0,20.0,2.0,0.2325,ranked_candidate,"Ranked using semantic match 0.0, effective capacity 20.0 hours, and current utilization 0%."
66,java_backend_demo,76595.13,41.33,14,3,"{""Java"": 2, ""Spring"": 1}",14,0.0,20.0,2.0,0.2325,ranked_candidate,"Ranked using semantic match 0.0, effective capacity 20.0 hours, and current utilization 0%."
67,java_backend_demo,76595.13,41.33,140,3,"{""Java"": 2, ""Spring"": 1}",140,0.0,20.0,2.0,0.2325,ranked_candidate,"Ranked using semantic match 0.0, effective capacity 20.0 hours, and current utilization 0%."
68,java_backend_demo,76595.13,41.33,141,3,"{""Java"": 2, ""Spring"": 1}",141,0.0,20.0,2.0,0.2325,ranked_candidate,"Ranked using semantic match 0.0, effective capacity 20.0 hours, and current utilization 0%."
69,java_backend_demo,76595.13,41.33,142,3,"{""Java"": 2, ""Spring"": 1}",142,0.0,20.0,2.0,0.2325,ranked_candidate,"Ranked using semantic match 0.0, effective capacity 20.0 hours, and current utilization 0%."
70,java_backend_demo,76595.13,41.33,143,3,"{""Java"": 2, ""Spring"": 1}",143,0.0,20.0,2.0,0.2325,ranked_candidate,"Ranked using semantic match 0.0, effective capacity 20.0 hours, and current utilization 0%."
71,java_backend_demo,76595.13,41.33,144,3,"{""Java"": 2, ""Spring"": 1}",144,0.0,20.0,2.0,0.2325,ranked_candidate,"Ranked using semantic match 0.0, effective capacity 20.0 hours, and current utilization 0%."
72,java_backend_demo,76595.13,41.33,145,3,"{""Java"": 2, ""Spring"": 1}",145,0.0,20.0,2.0,0.2325,ranked_candidate,"Ranked using semantic match 0.0, effective capacity 20.0 hours, and current utilization 0%."
73,java_backend_demo,76595.13,41.33,146,3,"{""Java"": 2, ""Spring"": 1}",146,0.0,20.0,2.0,0.2325,ranked_candidate,"Ranked using semantic match 0.0, effective capacity 20.0 hours, and current utilization 0%."
74,java_backend_demo,76595.13,41.33,147,3,"{""Java"": 2, ""Spring"": 1}",147,0.0,20.0,2.0,0.2325,ranked_candidate,"Ranked using semantic match 0.0, effective capacity 20.0 hours, and current utilization 0%."
75,java_backend_demo,76595.13,41.33,148,3,"{""Java"": 2, ""Spring"": 1}",148,0.0,20.0,2.0,0.2325,ranked_candidate,"Ranked using semantic match 0.0, effective capacity 20.0 hours, and current utilization 0%."
76,java_backend_demo,76595.13,41.33,149,3,"{""Java"": 2, ""Spring"": 1}",149,0.0,20.0,2.0,0.2325,ranked_candidate,"Ranked using semantic match 0.0, effective capacity 20.0 hours, and current utilization 0%."
77,java_backend_demo,76595.13,41.33,15,3,"{""Java"": 2, ""Spring"": 1}",15,0.0,20.0,2.0,0.2325,ranked_candidate,"Ranked using semantic match 0.0, effective capacity 20.0 hours, and current utilization 0%."
78,java_backend_demo,76595.13,41.33,150,3,"{""Java"": 2, ""Spring"": 1}",150,0.0,20.0,2.0,0.2325,ranked_candidate,"Ranked using semantic match 0.0, effective capacity 20.0 hours, and current utilization 0%."
79,java_backend_demo,76595.13,41.33,150e694ee10a1860,3,"{""Java"": 2, ""Spring"": 1}",150e694ee10a1860,0.0,20.0,2.0,0.2325,ranked_candidate,"Ranked using semantic match 0.0, effective capacity 20.0 hours, and current utilization 0%."
80,java_backend_demo,76595.13,41.33,151,3,"{""Java"": 2, ""Spring"": 1}",151,0.0,20.0,2.0,0.2325,ranked_candidate,"Ranked using semantic match 0.0, effective capacity 20.0 hours, and current utilization 0%."
81,java_backend_demo,76595.13,41.33,152,3,"{""Java"": 2, ""Spring"": 1}",152,0.0,20.0,2.0,0.2325,ranked_candidate,"Ranked using semantic match 0.0, effective capacity 20.0 hours, and current utilization 0%."
82,java_backend_demo,76595.13,41.33,153,3,"{""Java"": 2, ""Spring"": 1}",153,0.0,20.0,2.0,0.2325,ranked_candidate,"Ranked using semantic match 0.0, effective capacity 20.0 hours, and current utilization 0%."
83,java_backend_demo,76595.13,41.33,154,3,"{""Java"": 2, ""Spring"": 1}",154,0.0,20.0,2.0,0.2325,ranked_candidate,"Ranked using semantic match 0.0, effective capacity 20.0 hours, and current utilization 0%."
84,java_backend_demo,76595.13,41.33,155,3,"{""Java"": 2, ""Spring"": 1}",155,0.0,20.0,2.0,0.2325,ranked_candidate,"Ranked using semantic match 0.0, effective capacity 20.0 hours, and current utilization 0%."
85,java_backend_demo,76595.13,41.33,156,3,"{""Java"": 2, ""Spring"": 1}",156,0.0,20.0,2.0,0.2325,ranked_candidate,"Ranked using semantic match 0.0, effective capacity 20.0 hours, and current utilization 0%."
86,java_backend_demo,76595.13,41.33,157,3,"{""Java"": 2, ""Spring"": 1}",157,0.0,20.0,2.0,0.2325,ranked_candidate,"Ranked using semantic match 0.0, effective capacity 20.0 hours, and current utilization 0%."
87,java_backend_demo,76595.13,41.33,158,3,"{""Java"": 2, ""Spring"": 1}",158,0.0,20.0,2.0,0.2325,ranked_candidate,"Ranked using semantic match 0.0, effective capacity 20.0 hours, and current utilization 0%."
88,java_backend_demo,76595.13,41.33,159,3,"{""Java"": 2, ""Spring"": 1}",159,0.0,20.0,2.0,0.2325,ranked_candidate,"Ranked using semantic match 0.0, effective capacity 20.0 hours, and current utilization 0%."
89,java_backend_demo,76595.13,41.33,16,3,"{""Java"": 2, ""Spring"": 1}",16,0.0,20.0,2.0,0.2325,ranked_candidate,"Ranked using semantic match 0.0, effective capacity 20.0 hours, and current utilization 0%."
90,java_backend_demo,76595.13,41.33,160,3,"{""Java"": 2, ""Spring"": 1}",160,0.0,20.0,2.0,0.2325,ranked_candidate,"Ranked using semantic match 0.0, effective capacity 20.0 hours, and current utilization 0%."
91,java_backend_demo,76595.13,41.33,161,3,"{""Java"": 2, ""Spring"": 1}",161,0.0,20.0,2.0,0.2325,ranked_candidate,"Ranked using semantic match 0.0, effective capacity 20.0 hours, and current utilization 0%."
92,java_backend_demo,76595.13,41.33,162,3,"{""Java"": 2, ""Spring"": 1}",162,0.0,20.0,2.0,0.2325,ranked_candidate,"Ranked using semantic match 0.0, effective capacity 20.0 hours, and current utilization 0%."
93,java_backend_demo,76595.13,41.33,163,3,"{""Java"": 2, ""Spring"": 1}",163,0.0,20.0,2.0,0.2325,ranked_candidate,"Ranked using semantic match 0.0, effective capacity 20.0 hours, and current utilization 0%."
94,java_backend_demo,76595.13,41.33,164,3,"{""Java"": 2, ""Spring"": 1}",164,0.0,20.0,2.0,0.2325,ranked_candidate,"Ranked using semantic match 0.0, effective capacity 20.0 hours, and current utilization 0%."
95,java_backend_demo,76595.13,41.33,165,3,"{""Java"": 2, ""Spring"": 1}",165,0.0,20.0,2.0,0.2325,ranked_candidate,"Ranked using semantic match 0.0, effective capacity 20.0 hours, and current utilization 0%."
96,java_backend_demo,76595.13,41.33,166,3,"{""Java"": 2, ""Spring"": 1}",166,0.0,20.0,2.0,0.2325,ranked_candidate,"Ranked using semantic match 0.0, effective capacity 20.0 hours, and current utilization 0%."
97,java_backend_demo,76595.13,41.33,167,3,"{""Java"": 2, ""Spring"": 1}",167,0.0,20.0,2.0,0.2325,ranked_candidate,"Ranked using semantic match 0.0, effective capacity 20.0 hours, and current utilization 0%."
98,java_backend_demo,76595.13,41.33,168,3,"{""Java"": 2, ""Spring"": 1}",168,0.0,20.0,2.0,0.2325,ranked_candidate,"Ranked using semantic match 0.0, effective capacity 20.0 hours, and current utilization 0%."
99,java_backend_demo,76595.13,41.33,169,3,"{""Java"": 2, ""Spring"": 1}",169,0.0,20.0,2.0,0.2325,ranked_candidate,"Ranked using semantic match 0.0, effective capacity 20.0 hours, and current utilization 0%."
100,java_backend_demo,76595.13,41.33,16c12c548acefe35,3,"{""Java"": 2, ""Spring"": 1}",16c12c548acefe35,0.0,20.0,2.0,0.2325,ranked_candidate,"Ranked using semantic match 0.0, effective capacity 20.0 hours, and current utilization 0%."
101,java_backend_demo,76595.13,41.33,17,3,"{""Java"": 2, ""Spring"": 1}",17,0.0,20.0,2.0,0.2325,ranked_candidate,"Ranked using semantic match 0.0, effective capacity 20.0 hours, and current utilization 0%."
102,java_backend_demo,76595.13,41.33,170,3,"{""Java"": 2, ""Spring"": 1}",170,0.0,20.0,2.0,0.2325,ranked_candidate,"Ranked using semantic match 0.0, effective capacity 20.0 hours, and current utilization 0%."
103,java_backend_demo,76595.13,41.33,171,3,"{""Java"": 2, ""Spring"": 1}",171,0.0,20.0,2.0,0.2325,ranked_candidate,"Ranked using semantic match 0.0, effective capacity 20.0 hours, and current utilization 0%."
104,java_backend_demo,76595.13,41.33,172,3,"{""Java"": 2, ""Spring"": 1}",172,0.0,20.0,2.0,0.2325,ranked_candidate,"Ranked using semantic match 0.0, effective capacity 20.0 hours, and current utilization 0%."
105,java_backend_demo,76595.13,41.33,173,3,"{""Java"": 2, ""Spring"": 1}",173,0.0,20.0,2.0,0.2325,ranked_candidate,"Ranked using semantic match 0.0, effective capacity 20.0 hours, and current utilization 0%."
106,java_backend_demo,76595.13,41.33,174,3,"{""Java"": 2, ""Spring"": 1}",174,0.0,20.0,2.0,0.2325,ranked_candidate,"Ranked using semantic match 0.0, effective capacity 20.0 hours, and current utilization 0%."
107,java_backend_demo,76595.13,41.33,175,3,"{""Java"": 2, ""Spring"": 1}",175,0.0,20.0,2.0,0.2325,ranked_candidate,"Ranked using semantic match 0.0, effective capacity 20.0 hours, and current utilization 0%."
108,java_backend_demo,76595.13,41.33,176,3,"{""Java"": 2, ""Spring"": 1}",176,0.0,20.0,2.0,0.2325,ranked_candidate,"Ranked using semantic match 0.0, effective capacity 20.0 hours, and current utilization 0%."
109,java_backend_demo,76595.13,41.33,177,3,"{""Java"": 2, ""Spring"": 1}",177,0.0,20.0,2.0,0.2325,ranked_candidate,"Ranked using semantic match 0.0, effective capacity 20.0 hours, and current utilization 0%."
110,java_backend_demo,76595.13,41.33,178,3,"{""Java"": 2, ""Spring"": 1}",178,0.0,20.0,2.0,0.2325,ranked_candidate,"Ranked using semantic match 0.0, effective capacity 20.0 hours, and current utilization 0%."
111,java_backend_demo,76595.13,41.33,179,3,"{""Java"": 2, ""Spring"": 1}",179,0.0,20.0,2.0,0.2325,ranked_candidate,"Ranked using semantic match 0.0, effective capacity 20.0 hours, and current utilization 0%."
112,java_backend_demo,76595.13,41.33,17efcc3ae548c413,3,"{""Java"": 2, ""Spring"": 1}",17efcc3ae548c413,0.0,20.0,2.0,0.2325,ranked_candidate,"Ranked using semantic match 0.0, effective capacity 20.0 hours, and current utilization 0%."
113,java_backend_demo,76595.13,41.33,18,3,"{""Java"": 2, ""Spring"": 1}",18,0.0,20.0,2.0,0.2325,ranked_candidate,"Ranked using semantic match 0.0, effective capacity 20.0 hours, and current utilization 0%."
114,java_backend_demo,76595.13,41.33,180,3,"{""Java"": 2, ""Spring"": 1}",180,0.0,20.0,2.0,0.2325,ranked_candidate,"Ranked using semantic match 0.0, effective capacity 20.0 hours, and current utilization 0%."
115,java_backend_demo,76595.13,41.33,181,3,"{""Java"": 2, ""Spring"": 1}",181,0.0,20.0,2.0,0.2325,ranked_candidate,"Ranked using semantic match 0.0, effective capacity 20.0 hours, and current utilization 0%."
116,java_backend_demo,76595.13,41.33,181469da1b6bf154,3,"{""Java"": 2, ""Spring"": 1}",181469da1b6bf154,0.0,20.0,2.0,0.2325,ranked_candidate,"Ranked using semantic match 0.0, effective capacity 20.0 hours, and current utilization 0%."
117,java_backend_demo,76595.13,41.33,182,3,"{""Java"": 2, ""Spring"": 1}",182,0.0,20.0,2.0,0.2325,ranked_candidate,"Ranked using semantic match 0.0, effective capacity 20.0 hours, and current utilization 0%."
118,java_backend_demo,76595.13,41.33,183,3,"{""Java"": 2, ""Spring"": 1}",183,0.0,20.0,2.0,0.2325,ranked_candidate,"Ranked using semantic match 0.0, effective capacity 20.0 hours, and current utilization 0%."
119,java_backend_demo,76595.13,41.33,184,3,"{""Java"": 2, ""Spring"": 1}",184,0.0,20.0,2.0,0.2325,ranked_candidate,"Ranked using semantic match 0.0, effective capacity 20.0 hours, and current utilization 0%."
120,java_backend_demo,76595.13,41.33,185,3,"{""Java"": 2, ""Spring"": 1}",185,0.0,20.0,2.0,0.2325,ranked_candidate,"Ranked using semantic match 0.0, effective capacity 20.0 hours, and current utilization 0%."
121,java_backend_demo,76595.13,41.33,185be9c8f49cae4d,3,"{""Java"": 2, ""Spring"": 1}",185be9c8f49cae4d,0.0,20.0,2.0,0.2325,ranked_candidate,"Ranked using semantic match 0.0, effective capacity 20.0 hours, and current utilization 0%."
122,java_backend_demo,76595.13,41.33,186,3,"{""Java"": 2, ""Spring"": 1}",186,0.0,20.0,2.0,0.2325,ranked_candidate,"Ranked using semantic match 0.0, effective capacity 20.0 hours, and current utilization 0%."
123,java_backend_demo,76595.13,41.33,187,3,"{""Java"": 2, ""Spring"": 1}",187,0.0,20.0,2.0,0.2325,ranked_candidate,"Ranked using semantic match 0.0, effective capacity 20.0 hours, and current utilization 0%."
124,java_backend_demo,76595.13,41.33,188,3,"{""Java"": 2, ""Spring"": 1}",188,0.0,20.0,2.0,0.2325,ranked_candidate,"Ranked using semantic match 0.0, effective capacity 20.0 hours, and current utilization 0%."
125,java_backend_demo,76595.13,41.33,189,3,"{""Java"": 2, ""Spring"": 1}",189,0.0,20.0,2.0,0.2325,ranked_candidate,"Ranked using semantic match 0.0, effective capacity 20.0 hours, and current utilization 0%."
126,java_backend_demo,76595.13,41.33,19,3,"{""Java"": 2, ""Spring"": 1}",19,0.0,20.0,2.0,0.2325,ranked_candidate,"Ranked using semantic match 0.0, effective capacity 20.0 hours, and current utilization 0%."
127,java_backend_demo,76595.13,41.33,190,3,"{""Java"": 2, ""Spring"": 1}",190,0.0,20.0,2.0,0.2325,ranked_candidate,"Ranked using semantic match 0.0, effective capacity 20.0 hours, and current utilization 0%."
128,java_backend_demo,76595.13,41.33,191,3,"{""Java"": 2, ""Spring"": 1}",191,0.0,20.0,2.0,0.2325,ranked_candidate,"Ranked using semantic match 0.0, effective capacity 20.0 hours, and current utilization 0%."
129,java_backend_demo,76595.13,41.33,192,3,"{""Java"": 2, ""Spring"": 1}",192,0.0,20.0,2.0,0.2325,ranked_candidate,"Ranked using semantic match 0.0, effective capacity 20.0 hours, and current utilization 0%."
130,java_backend_demo,76595.13,41.33,193,3,"{""Java"": 2, ""Spring"": 1}",193,0.0,20.0,2.0,0.2325,ranked_candidate,"Ranked using semantic match 0.0, effective capacity 20.0 hours, and current utilization 0%."
131,java_backend_demo,76595.13,41.33,194,3,"{""Java"": 2, ""Spring"": 1}",194,0.0,20.0,2.0,0.2325,ranked_candidate,"Ranked using semantic match 0.0, effective capacity 20.0 hours, and current utilization 0%."
132,java_backend_demo,76595.13,41.33,195,3,"{""Java"": 2, ""Spring"": 1}",195,0.0,20.0,2.0,0.2325,ranked_candidate,"Ranked using semantic match 0.0, effective capacity 20.0 hours, and current utilization 0%."
133,java_backend_demo,76595.13,41.33,196,3,"{""Java"": 2, ""Spring"": 1}",196,0.0,20.0,2.0,0.2325,ranked_candidate,"Ranked using semantic match 0.0, effective capacity 20.0 hours, and current utilization 0%."
134,java_backend_demo,76595.13,41.33,197,3,"{""Java"": 2, ""Spring"": 1}",197,0.0,20.0,2.0,0.2325,ranked_candidate,"Ranked using semantic match 0.0, effective capacity 20.0 hours, and current utilization 0%."
135,java_backend_demo,76595.13,41.33,198,3,"{""Java"": 2, ""Spring"": 1}",198,0.0,20.0,2.0,0.2325,ranked_candidate,"Ranked using semantic match 0.0, effective capacity 20.0 hours, and current utilization 0%."
136,java_backend_demo,76595.13,41.33,199,3,"{""Java"": 2, ""Spring"": 1}",199,0.0,20.0,2.0,0.2325,ranked_candidate,"Ranked using semantic match 0.0, effective capacity 20.0 hours, and current utilization 0%."
137,java_backend_demo,76595.13,41.33,1b7c6e5f0d0bd68e,3,"{""Java"": 2, ""Spring"": 1}",1b7c6e5f0d0bd68e,0.0,20.0,2.0,0.2325,ranked_candidate,"Ranked using semantic match 0.0, effective capacity 20.0 hours, and current utilization 0%."
138,java_backend_demo,76595.13,41.33,1bbdffc487ca8644,3,"{""Java"": 2, ""Spring"": 1}",1bbdffc487ca8644,0.0,20.0,2.0,0.2325,ranked_candidate,"Ranked using semantic match 0.0, effective capacity 20.0 hours, and current utilization 0%."
139,java_backend_demo,76595.13,41.33,1e24c2e0a3049e7e,3,"{""Java"": 2, ""Spring"": 1}",1e24c2e0a3049e7e,0.0,20.0,2.0,0.2325,ranked_candidate,"Ranked using semantic match 0.0, effective capacity 20.0 hours, and current utilization 0%."
140,java_backend_demo,76595.13,41.33,2,3,"{""Java"": 2, ""Spring"": 1}",2,0.0,20.0,2.0,0.2325,ranked_candidate,"Ranked using semantic match 0.0, effective capacity 20.0 hours, and current utilization 0%."
141,java_backend_demo,76595.13,41.33,20,3,"{""Java"": 2, ""Spring"": 1}",20,0.0,20.0,2.0,0.2325,ranked_candidate,"Ranked using semantic match 0.0, effective capacity 20.0 hours, and current utilization 0%."
142,java_backend_demo,76595.13,41.33,206e0d72d57da830,3,"{""Java"": 2, ""Spring"": 1}",206e0d72d57da830,0.0,20.0,2.0,0.2325,ranked_candidate,"Ranked using semantic match 0.0, effective capacity 20.0 hours, and current utilization 0%."
143,java_backend_demo,76595.13,41.33,21,3,"{""Java"": 2, ""Spring"": 1}",21,0.0,20.0,2.0,0.2325,ranked_candidate,"Ranked using semantic match 0.0, effective capacity 20.0 hours, and current utilization 0%."
144,java_backend_demo,76595.13,41.33,2144a62b22df6d3e,3,"{""Java"": 2, ""Spring"": 1}",2144a62b22df6d3e,0.0,20.0,2.0,0.2325,ranked_candidate,"Ranked using semantic match 0.0, effective capacity 20.0 hours, and current utilization 0%."
145,java_backend_demo,76595.13,41.33,22,3,"{""Java"": 2, ""Spring"": 1}",22,0.0,20.0,2.0,0.2325,ranked_candidate,"Ranked using semantic match 0.0, effective capacity 20.0 hours, and current utilization 0%."
146,java_backend_demo,76595.13,41.33,23,3,"{""Java"": 2, ""Spring"": 1}",23,0.0,20.0,2.0,0.2325,ranked_candidate,"Ranked using semantic match 0.0, effective capacity 20.0 hours, and current utilization 0%."
147,java_backend_demo,76595.13,41.33,24,3,"{""Java"": 2, ""Spring"": 1}",24,0.0,20.0,2.0,0.2325,ranked_candidate,"Ranked using semantic match 0.0, effective capacity 20.0 hours, and current utilization 0%."
148,java_backend_demo,76595.13,41.33,2420b96e67750ab2,3,"{""Java"": 2, ""Spring"": 1}",2420b96e67750ab2,0.0,20.0,2.0,0.2325,ranked_candidate,"Ranked using semantic match 0.0, effective capacity 20.0 hours, and current utilization 0%."
149,java_backend_demo,76595.13,41.33,245eb6cea7d0f565,3,"{""Java"": 2, ""Spring"": 1}",245eb6cea7d0f565,0.0,20.0,2.0,0.2325,ranked_candidate,"Ranked using semantic match 0.0, effective capacity 20.0 hours, and current utilization 0%."
150,java_backend_demo,76595.13,41.33,25,3,"{""Java"": 2, ""Spring"": 1}",25,0.0,20.0,2.0,0.2325,ranked_candidate,"Ranked using semantic match 0.0, effective capacity 20.0 hours, and current utilization 0%."
151,java_backend_demo,76595.13,41.33,26,3,"{""Java"": 2, ""Spring"": 1}",26,0.0,20.0,2.0,0.2325,ranked_candidate,"Ranked using semantic match 0.0, effective capacity 20.0 hours, and current utilization 0%."
152,java_backend_demo,76595.13,41.33,26d7e440430526aa,3,"{""Java"": 2, ""Spring"": 1}",26d7e440430526aa,0.0,20.0,2.0,0.2325,ranked_candidate,"Ranked using semantic match 0.0, effective capacity 20.0 hours, and current utilization 0%."
153,java_backend_demo,76595.13,41.33,27,3,"{""Java"": 2, ""Spring"": 1}",27,0.0,20.0,2.0,0.2325,ranked_candidate,"Ranked using semantic match 0.0, effective capacity 20.0 hours, and current utilization 0%."
154,java_backend_demo,76595.13,41.33,2717f44303ae9fea,3,"{""Java"": 2, ""Spring"": 1}",2717f44303ae9fea,0.0,20.0,2.0,0.2325,ranked_candidate,"Ranked using semantic match 0.0, effective capacity 20.0 hours, and current utilization 0%."
155,java_backend_demo,76595.13,41.33,27f69373b3a01184,3,"{""Java"": 2, ""Spring"": 1}",27f69373b3a01184,0.0,20.0,2.0,0.2325,ranked_candidate,"Ranked using semantic match 0.0, effective capacity 20.0 hours, and current utilization 0%."
156,java_backend_demo,76595.13,41.33,28,3,"{""Java"": 2, ""Spring"": 1}",28,0.0,20.0,2.0,0.2325,ranked_candidate,"Ranked using semantic match 0.0, effective capacity 20.0 hours, and current utilization 0%."
157,java_backend_demo,76595.13,41.33,29,3,"{""Java"": 2, ""Spring"": 1}",29,0.0,20.0,2.0,0.2325,ranked_candidate,"Ranked using semantic match 0.0, effective capacity 20.0 hours, and current utilization 0%."
158,java_backend_demo,76595.13,41.33,29e707c8d8974fbc,3,"{""Java"": 2, ""Spring"": 1}",29e707c8d8974fbc,0.0,20.0,2.0,0.2325,ranked_candidate,"Ranked using semantic match 0.0, effective capacity 20.0 hours, and current utilization 0%."
159,java_backend_demo,76595.13,41.33,2a4b00d1ee5f56e5,3,"{""Java"": 2, ""Spring"": 1}",2a4b00d1ee5f56e5,0.0,20.0,2.0,0.2325,ranked_candidate,"Ranked using semantic match 0.0, effective capacity 20.0 hours, and current utilization 0%."
160,java_backend_demo,76595.13,41.33,2ab4f1838a397311,3,"{""Java"": 2, ""Spring"": 1}",2ab4f1838a397311,0.0,20.0,2.0,0.2325,ranked_candidate,"Ranked using semantic match 0.0, effective capacity 20.0 hours, and current utilization 0%."
161,java_backend_demo,76595.13,41.33,2babcd2d895a1b52,3,"{""Java"": 2, ""Spring"": 1}",2babcd2d895a1b52,0.0,20.0,2.0,0.2325,ranked_candidate,"Ranked using semantic match 0.0, effective capacity 20.0 hours, and current utilization 0%."
162,java_backend_demo,76595.13,41.33,2eb0004e0dd1b650,3,"{""Java"": 2, ""Spring"": 1}",2eb0004e0dd1b650,0.0,20.0,2.0,0.2325,ranked_candidate,"Ranked using semantic match 0.0, effective capacity 20.0 hours, and current utilization 0%."
163,java_backend_demo,76595.13,41.33,3,3,"{""Java"": 2, ""Spring"": 1}",3,0.0,20.0,2.0,0.2325,ranked_candidate,"Ranked using semantic match 0.0, effective capacity 20.0 hours, and current utilization 0%."
164,java_backend_demo,76595.13,41.33,30,3,"{""Java"": 2, ""Spring"": 1}",30,0.0,20.0,2.0,0.2325,ranked_candidate,"Ranked using semantic match 0.0, effective capacity 20.0 hours, and current utilization 0%."
165,java_backend_demo,76595.13,41.33,30957f2714755d1b,3,"{""Java"": 2, ""Spring"": 1}",30957f2714755d1b,0.0,20.0,2.0,0.2325,ranked_candidate,"Ranked using semantic match 0.0, effective capacity 20.0 hours, and current utilization 0%."
166,java_backend_demo,76595.13,41.33,31,3,"{""Java"": 2, ""Spring"": 1}",31,0.0,20.0,2.0,0.2325,ranked_candidate,"Ranked using semantic match 0.0, effective capacity 20.0 hours, and current utilization 0%."
167,java_backend_demo,76595.13,41.33,31cca168988b010d,3,"{""Java"": 2, ""Spring"": 1}",31cca168988b010d,0.0,20.0,2.0,0.2325,ranked_candidate,"Ranked using semantic match 0.0, effective capacity 20.0 hours, and current utilization 0%."
168,java_backend_demo,76595.13,41.33,32,3,"{""Java"": 2, ""Spring"": 1}",32,0.0,20.0,2.0,0.2325,ranked_candidate,"Ranked using semantic match 0.0, effective capacity 20.0 hours, and current utilization 0%."
169,java_backend_demo,76595.13,41.33,32b827a67e743db6,3,"{""Java"": 2, ""Spring"": 1}",32b827a67e743db6,0.0,20.0,2.0,0.2325,ranked_candidate,"Ranked using semantic match 0.0, effective capacity 20.0 hours, and current utilization 0%."
170,java_backend_demo,76595.13,41.33,33,3,"{""Java"": 2, ""Spring"": 1}",33,0.0,20.0,2.0,0.2325,ranked_candidate,"Ranked using semantic match 0.0, effective capacity 20.0 hours, and current utilization 0%."
171,java_backend_demo,76595.13,41.33,33c70aca8911e9c6,3,"{""Java"": 2, ""Spring"": 1}",33c70aca8911e9c6,0.0,20.0,2.0,0.2325,ranked_candidate,"Ranked using semantic match 0.0, effective capacity 20.0 hours, and current utilization 0%."
172,java_backend_demo,76595.13,41.33,34,3,"{""Java"": 2, ""Spring"": 1}",34,0.0,20.0,2.0,0.2325,ranked_candidate,"Ranked using semantic match 0.0, effective capacity 20.0 hours, and current utilization 0%."
173,java_backend_demo,76595.13,41.33,34f64ae931fc4503,3,"{""Java"": 2, ""Spring"": 1}",34f64ae931fc4503,0.0,20.0,2.0,0.2325,ranked_candidate,"Ranked using semantic match 0.0, effective capacity 20.0 hours, and current utilization 0%."
174,java_backend_demo,76595.13,41.33,35,3,"{""Java"": 2, ""Spring"": 1}",35,0.0,20.0,2.0,0.2325,ranked_candidate,"Ranked using semantic match 0.0, effective capacity 20.0 hours, and current utilization 0%."
175,java_backend_demo,76595.13,41.33,35fd432b6b041f08,3,"{""Java"": 2, ""Spring"": 1}",35fd432b6b041f08,0.0,20.0,2.0,0.2325,ranked_candidate,"Ranked using semantic match 0.0, effective capacity 20.0 hours, and current utilization 0%."
176,java_backend_demo,76595.13,41.33,36,3,"{""Java"": 2, ""Spring"": 1}",36,0.0,20.0,2.0,0.2325,ranked_candidate,"Ranked using semantic match 0.0, effective capacity 20.0 hours, and current utilization 0%."
177,java_backend_demo,76595.13,41.33,37,3,"{""Java"": 2, ""Spring"": 1}",37,0.0,20.0,2.0,0.2325,ranked_candidate,"Ranked using semantic match 0.0, effective capacity 20.0 hours, and current utilization 0%."
178,java_backend_demo,76595.13,41.33,372e4acef572e270,3,"{""Java"": 2, ""Spring"": 1}",372e4acef572e270,0.0,20.0,2.0,0.2325,ranked_candidate,"Ranked using semantic match 0.0, effective capacity 20.0 hours, and current utilization 0%."
179,java_backend_demo,76595.13,41.33,379b333fcce8254a,3,"{""Java"": 2, ""Spring"": 1}",379b333fcce8254a,0.0,20.0,2.0,0.2325,ranked_candidate,"Ranked using semantic match 0.0, effective capacity 20.0 hours, and current utilization 0%."
180,java_backend_demo,76595.13,41.33,37bf48acbd0a9709,3,"{""Java"": 2, ""Spring"": 1}",37bf48acbd0a9709,0.0,20.0,2.0,0.2325,ranked_candidate,"Ranked using semantic match 0.0, effective capacity 20.0 hours, and current utilization 0%."
181,java_backend_demo,76595.13,41.33,37cfa5c4555c0302,3,"{""Java"": 2, ""Spring"": 1}",37cfa5c4555c0302,0.0,20.0,2.0,0.2325,ranked_candidate,"Ranked using semantic match 0.0, effective capacity 20.0 hours, and current utilization 0%."
182,java_backend_demo,76595.13,41.33,37fe00bb35c94f8d,3,"{""Java"": 2, ""Spring"": 1}",37fe00bb35c94f8d,0.0,20.0,2.0,0.2325,ranked_candidate,"Ranked using semantic match 0.0, effective capacity 20.0 hours, and current utilization 0%."
183,java_backend_demo,76595.13,41.33,38,3,"{""Java"": 2, ""Spring"": 1}",38,0.0,20.0,2.0,0.2325,ranked_candidate,"Ranked using semantic match 0.0, effective capacity 20.0 hours, and current utilization 0%."
184,java_backend_demo,76595.13,41.33,39,3,"{""Java"": 2, ""Spring"": 1}",39,0.0,20.0,2.0,0.2325,ranked_candidate,"Ranked using semantic match 0.0, effective capacity 20.0 hours, and current utilization 0%."
185,java_backend_demo,76595.13,41.33,3b36b980c197bec8,3,"{""Java"": 2, ""Spring"": 1}",3b36b980c197bec8,0.0,20.0,2.0,0.2325,ranked_candidate,"Ranked using semantic match 0.0, effective capacity 20.0 hours, and current utilization 0%."
186,java_backend_demo,76595.13,41.33,3c71bea0fb2aeff4,3,"{""Java"": 2, ""Spring"": 1}",3c71bea0fb2aeff4,0.0,20.0,2.0,0.2325,ranked_candidate,"Ranked using semantic match 0.0, effective capacity 20.0 hours, and current utilization 0%."
187,java_backend_demo,76595.13,41.33,3d14873102be95b1,3,"{""Java"": 2, ""Spring"": 1}",3d14873102be95b1,0.0,20.0,2.0,0.2325,ranked_candidate,"Ranked using semantic match 0.0, effective capacity 20.0 hours, and current utilization 0%."
188,java_backend_demo,76595.13,41.33,3e28d072617c43cb,3,"{""Java"": 2, ""Spring"": 1}",3e28d072617c43cb,0.0,20.0,2.0,0.2325,ranked_candidate,"Ranked using semantic match 0.0, effective capacity 20.0 hours, and current utilization 0%."
189,java_backend_demo,76595.13,41.33,4,3,"{""Java"": 2, ""Spring"": 1}",4,0.0,20.0,2.0,0.2325,ranked_candidate,"Ranked using semantic match 0.0, effective capacity 20.0 hours, and current utilization 0%."
190,java_backend_demo,76595.13,41.33,40,3,"{""Java"": 2, ""Spring"": 1}",40,0.0,20.0,2.0,0.2325,ranked_candidate,"Ranked using semantic match 0.0, effective capacity 20.0 hours, and current utilization 0%."
191,java_backend_demo,76595.13,41.33,4094863af64f7135,3,"{""Java"": 2, ""Spring"": 1}",4094863af64f7135,0.0,20.0,2.0,0.2325,ranked_candidate,"Ranked using semantic match 0.0, effective capacity 20.0 hours, and current utilization 0%."
192,java_backend_demo,76595.13,41.33,41,3,"{""Java"": 2, ""Spring"": 1}",41,0.0,20.0,2.0,0.2325,ranked_candidate,"Ranked using semantic match 0.0, effective capacity 20.0 hours, and current utilization 0%."
193,java_backend_demo,76595.13,41.33,4109cc947e4a06c9,3,"{""Java"": 2, ""Spring"": 1}",4109cc947e4a06c9,0.0,20.0,2.0,0.2325,ranked_candidate,"Ranked using semantic match 0.0, effective capacity 20.0 hours, and current utilization 0%."
194,java_backend_demo,76595.13,41.33,41c2effd464f4455,3,"{""Java"": 2, ""Spring"": 1}",41c2effd464f4455,0.0,20.0,2.0,0.2325,ranked_candidate,"Ranked using semantic match 0.0, effective capacity 20.0 hours, and current utilization 0%."
195,java_backend_demo,76595.13,41.33,42,3,"{""Java"": 2, ""Spring"": 1}",42,0.0,20.0,2.0,0.2325,ranked_candidate,"Ranked using semantic match 0.0, effective capacity 20.0 hours, and current utilization 0%."
196,java_backend_demo,76595.13,41.33,427e879b5c43aabe,3,"{""Java"": 2, ""Spring"": 1}",427e879b5c43aabe,0.0,20.0,2.0,0.2325,ranked_candidate,"Ranked using semantic match 0.0, effective capacity 20.0 hours, and current utilization 0%."
197,java_backend_demo,76595.13,41.33,42835004bc86ddfd,3,"{""Java"": 2, ""Spring"": 1}",42835004bc86ddfd,0.0,20.0,2.0,0.2325,ranked_candidate,"Ranked using semantic match 0.0, effective capacity 20.0 hours, and current utilization 0%."
198,java_backend_demo,76595.13,41.33,42ea741f515ea544,3,"{""Java"": 2, ""Spring"": 1}",42ea741f515ea544,0.0,20.0,2.0,0.2325,ranked_candidate,"Ranked using semantic match 0.0, effective capacity 20.0 hours, and current utilization 0%."
199,java_backend_demo,76595.13,41.33,43,3,"{""Java"": 2, ""Spring"": 1}",43,0.0,20.0,2.0,0.2325,ranked_candidate,"Ranked using semantic match 0.0, effective capacity 20.0 hours, and current utilization 0%."
200,java_backend_demo,76595.13,41.33,4320db1e1d3917d1,3,"{""Java"": 2, ""Spring"": 1}",4320db1e1d3917d1,0.0,20.0,2.0,0.2325,ranked_candidate,"Ranked using semantic match 0.0, effective capacity 20.0 hours, and current utilization 0%."
201,java_backend_demo,76595.13,41.33,44,3,"{""Java"": 2, ""Spring"": 1}",44,0.0,20.0,2.0,0.2325,ranked_candidate,"Ranked using semantic match 0.0, effective capacity 20.0 hours, and current utilization 0%."
202,java_backend_demo,76595.13,41.33,440dd8625cf95cb2,3,"{""Java"": 2, ""Spring"": 1}",440dd8625cf95cb2,0.0,20.0,2.0,0.2325,ranked_candidate,"Ranked using semantic match 0.0, effective capacity 20.0 hours, and current utilization 0%."
203,java_backend_demo,76595.13,41.33,4489287587c1d3c0,3,"{""Java"": 2, ""Spring"": 1}",4489287587c1d3c0,0.0,20.0,2.0,0.2325,ranked_candidate,"Ranked using semantic match 0.0, effective capacity 20.0 hours, and current utilization 0%."
204,java_backend_demo,76595.13,41.33,44e7061090b48bad,3,"{""Java"": 2, ""Spring"": 1}",44e7061090b48bad,0.0,20.0,2.0,0.2325,ranked_candidate,"Ranked using semantic match 0.0, effective capacity 20.0 hours, and current utilization 0%."
205,java_backend_demo,76595.13,41.33,45,3,"{""Java"": 2, ""Spring"": 1}",45,0.0,20.0,2.0,0.2325,ranked_candidate,"Ranked using semantic match 0.0, effective capacity 20.0 hours, and current utilization 0%."
206,java_backend_demo,76595.13,41.33,46,3,"{""Java"": 2, ""Spring"": 1}",46,0.0,20.0,2.0,0.2325,ranked_candidate,"Ranked using semantic match 0.0, effective capacity 20.0 hours, and current utilization 0%."
207,java_backend_demo,76595.13,41.33,462a0037b8e98e3f,3,"{""Java"": 2, ""Spring"": 1}",462a0037b8e98e3f,0.0,20.0,2.0,0.2325,ranked_candidate,"Ranked using semantic match 0.0, effective capacity 20.0 hours, and current utilization 0%."
208,java_backend_demo,76595.13,41.33,47,3,"{""Java"": 2, ""Spring"": 1}",47,0.0,20.0,2.0,0.2325,ranked_candidate,"Ranked using semantic match 0.0, effective capacity 20.0 hours, and current utilization 0%."
209,java_backend_demo,76595.13,41.33,48,3,"{""Java"": 2, ""Spring"": 1}",48,0.0,20.0,2.0,0.2325,ranked_candidate,"Ranked using semantic match 0.0, effective capacity 20.0 hours, and current utilization 0%."
210,java_backend_demo,76595.13,41.33,4844cedd719e2116,3,"{""Java"": 2, ""Spring"": 1}",4844cedd719e2116,0.0,20.0,2.0,0.2325,ranked_candidate,"Ranked using semantic match 0.0, effective capacity 20.0 hours, and current utilization 0%."
211,java_backend_demo,76595.13,41.33,486a04caef4f458b,3,"{""Java"": 2, ""Spring"": 1}",486a04caef4f458b,0.0,20.0,2.0,0.2325,ranked_candidate,"Ranked using semantic match 0.0, effective capacity 20.0 hours, and current utilization 0%."
212,java_backend_demo,76595.13,41.33,48da5a751e9cef4b,3,"{""Java"": 2, ""Spring"": 1}",48da5a751e9cef4b,0.0,20.0,2.0,0.2325,ranked_candidate,"Ranked using semantic match 0.0, effective capacity 20.0 hours, and current utilization 0%."
213,java_backend_demo,76595.13,41.33,49,3,"{""Java"": 2, ""Spring"": 1}",49,0.0,20.0,2.0,0.2325,ranked_candidate,"Ranked using semantic match 0.0, effective capacity 20.0 hours, and current utilization 0%."
214,java_backend_demo,76595.13,41.33,4b24f30cbf1881a5,3,"{""Java"": 2, ""Spring"": 1}",4b24f30cbf1881a5,0.0,20.0,2.0,0.2325,ranked_candidate,"Ranked using semantic match 0.0, effective capacity 20.0 hours, and current utilization 0%."
215,java_backend_demo,76595.13,41.33,4b4f13021f0ab21e,3,"{""Java"": 2, ""Spring"": 1}",4b4f13021f0ab21e,0.0,20.0,2.0,0.2325,ranked_candidate,"Ranked using semantic match 0.0, effective capacity 20.0 hours, and current utilization 0%."
216,java_backend_demo,76595.13,41.33,4b5197429e9677ca,3,"{""Java"": 2, ""Spring"": 1}",4b5197429e9677ca,0.0,20.0,2.0,0.2325,ranked_candidate,"Ranked using semantic match 0.0, effective capacity 20.0 hours, and current utilization 0%."
217,java_backend_demo,76595.13,41.33,4b87c82032563977,3,"{""Java"": 2, ""Spring"": 1}",4b87c82032563977,0.0,20.0,2.0,0.2325,ranked_candidate,"Ranked using semantic match 0.0, effective capacity 20.0 hours, and current utilization 0%."
218,java_backend_demo,76595.13,41.33,4c1a02b1eb511a34,3,"{""Java"": 2, ""Spring"": 1}",4c1a02b1eb511a34,0.0,20.0,2.0,0.2325,ranked_candidate,"Ranked using semantic match 0.0, effective capacity 20.0 hours, and current utilization 0%."
219,java_backend_demo,76595.13,41.33,4c31ea379b8b4c66,3,"{""Java"": 2, ""Spring"": 1}",4c31ea379b8b4c66,0.0,20.0,2.0,0.2325,ranked_candidate,"Ranked using semantic match 0.0, effective capacity 20.0 hours, and current utilization 0%."
220,java_backend_demo,76595.13,41.33,4c6baf84a6106041,3,"{""Java"": 2, ""Spring"": 1}",4c6baf84a6106041,0.0,20.0,2.0,0.2325,ranked_candidate,"Ranked using semantic match 0.0, effective capacity 20.0 hours, and current utilization 0%."
221,java_backend_demo,76595.13,41.33,4cf1fee9fe930dd7,3,"{""Java"": 2, ""Spring"": 1}",4cf1fee9fe930dd7,0.0,20.0,2.0,0.2325,ranked_candidate,"Ranked using semantic match 0.0, effective capacity 20.0 hours, and current utilization 0%."
222,java_backend_demo,76595.13,41.33,4ed85a42235d7f44,3,"{""Java"": 2, ""Spring"": 1}",4ed85a42235d7f44,0.0,20.0,2.0,0.2325,ranked_candidate,"Ranked using semantic match 0.0, effective capacity 20.0 hours, and current utilization 0%."
223,java_backend_demo,76595.13,41.33,4f296c565bcd0a26,3,"{""Java"": 2, ""Spring"": 1}",4f296c565bcd0a26,0.0,20.0,2.0,0.2325,ranked_candidate,"Ranked using semantic match 0.0, effective capacity 20.0 hours, and current utilization 0%."
224,java_backend_demo,76595.13,41.33,4f335bbbfd3568c3,3,"{""Java"": 2, ""Spring"": 1}",4f335bbbfd3568c3,0.0,20.0,2.0,0.2325,ranked_candidate,"Ranked using semantic match 0.0, effective capacity 20.0 hours, and current utilization 0%."
225,java_backend_demo,76595.13,41.33,5,3,"{""Java"": 2, ""Spring"": 1}",5,0.0,20.0,2.0,0.2325,ranked_candidate,"Ranked using semantic match 0.0, effective capacity 20.0 hours, and current utilization 0%."
226,java_backend_demo,76595.13,41.33,50,3,"{""Java"": 2, ""Spring"": 1}",50,0.0,20.0,2.0,0.2325,ranked_candidate,"Ranked using semantic match 0.0, effective capacity 20.0 hours, and current utilization 0%."
227,java_backend_demo,76595.13,41.33,503c1c7fd097731f,3,"{""Java"": 2, ""Spring"": 1}",503c1c7fd097731f,0.0,20.0,2.0,0.2325,ranked_candidate,"Ranked using semantic match 0.0, effective capacity 20.0 hours, and current utilization 0%."
228,java_backend_demo,76595.13,41.33,50490629c411e735,3,"{""Java"": 2, ""Spring"": 1}",50490629c411e735,0.0,20.0,2.0,0.2325,ranked_candidate,"Ranked using semantic match 0.0, effective capacity 20.0 hours, and current utilization 0%."
229,java_backend_demo,76595.13,41.33,5058a30ea111975c,3,"{""Java"": 2, ""Spring"": 1}",5058a30ea111975c,0.0,20.0,2.0,0.2325,ranked_candidate,"Ranked using semantic match 0.0, effective capacity 20.0 hours, and current utilization 0%."
230,java_backend_demo,76595.13,41.33,51,3,"{""Java"": 2, ""Spring"": 1}",51,0.0,20.0,2.0,0.2325,ranked_candidate,"Ranked using semantic match 0.0, effective capacity 20.0 hours, and current utilization 0%."
231,java_backend_demo,76595.13,41.33,51add2385d68c820,3,"{""Java"": 2, ""Spring"": 1}",51add2385d68c820,0.0,20.0,2.0,0.2325,ranked_candidate,"Ranked using semantic match 0.0, effective capacity 20.0 hours, and current utilization 0%."
232,java_backend_demo,76595.13,41.33,51e8a7bd8ff21421,3,"{""Java"": 2, ""Spring"": 1}",51e8a7bd8ff21421,0.0,20.0,2.0,0.2325,ranked_candidate,"Ranked using semantic match 0.0, effective capacity 20.0 hours, and current utilization 0%."
233,java_backend_demo,76595.13,41.33,52,3,"{""Java"": 2, ""Spring"": 1}",52,0.0,20.0,2.0,0.2325,ranked_candidate,"Ranked using semantic match 0.0, effective capacity 20.0 hours, and current utilization 0%."
234,java_backend_demo,76595.13,41.33,5204c202b8cb42bb,3,"{""Java"": 2, ""Spring"": 1}",5204c202b8cb42bb,0.0,20.0,2.0,0.2325,ranked_candidate,"Ranked using semantic match 0.0, effective capacity 20.0 hours, and current utilization 0%."
235,java_backend_demo,76595.13,41.33,52edbc602b5e3a72,3,"{""Java"": 2, ""Spring"": 1}",52edbc602b5e3a72,0.0,20.0,2.0,0.2325,ranked_candidate,"Ranked using semantic match 0.0, effective capacity 20.0 hours, and current utilization 0%."
236,java_backend_demo,76595.13,41.33,53,3,"{""Java"": 2, ""Spring"": 1}",53,0.0,20.0,2.0,0.2325,ranked_candidate,"Ranked using semantic match 0.0, effective capacity 20.0 hours, and current utilization 0%."
237,java_backend_demo,76595.13,41.33,5314f5750c5bee5e,3,"{""Java"": 2, ""Spring"": 1}",5314f5750c5bee5e,0.0,20.0,2.0,0.2325,ranked_candidate,"Ranked using semantic match 0.0, effective capacity 20.0 hours, and current utilization 0%."
238,java_backend_demo,76595.13,41.33,532dbeb84c3a1c1b,3,"{""Java"": 2, ""Spring"": 1}",532dbeb84c3a1c1b,0.0,20.0,2.0,0.2325,ranked_candidate,"Ranked using semantic match 0.0, effective capacity 20.0 hours, and current utilization 0%."
239,java_backend_demo,76595.13,41.33,53800c9face2b52f,3,"{""Java"": 2, ""Spring"": 1}",53800c9face2b52f,0.0,20.0,2.0,0.2325,ranked_candidate,"Ranked using semantic match 0.0, effective capacity 20.0 hours, and current utilization 0%."
240,java_backend_demo,76595.13,41.33,54,3,"{""Java"": 2, ""Spring"": 1}",54,0.0,20.0,2.0,0.2325,ranked_candidate,"Ranked using semantic match 0.0, effective capacity 20.0 hours, and current utilization 0%."
241,java_backend_demo,76595.13,41.33,540afe5a25d764d7,3,"{""Java"": 2, ""Spring"": 1}",540afe5a25d764d7,0.0,20.0,2.0,0.2325,ranked_candidate,"Ranked using semantic match 0.0, effective capacity 20.0 hours, and current utilization 0%."
242,java_backend_demo,76595.13,41.33,55,3,"{""Java"": 2, ""Spring"": 1}",55,0.0,20.0,2.0,0.2325,ranked_candidate,"Ranked using semantic match 0.0, effective capacity 20.0 hours, and current utilization 0%."
243,java_backend_demo,76595.13,41.33,551e52eed298f811,3,"{""Java"": 2, ""Spring"": 1}",551e52eed298f811,0.0,20.0,2.0,0.2325,ranked_candidate,"Ranked using semantic match 0.0, effective capacity 20.0 hours, and current utilization 0%."
244,java_backend_demo,76595.13,41.33,554dd6c52da67585,3,"{""Java"": 2, ""Spring"": 1}",554dd6c52da67585,0.0,20.0,2.0,0.2325,ranked_candidate,"Ranked using semantic match 0.0, effective capacity 20.0 hours, and current utilization 0%."
245,java_backend_demo,76595.13,41.33,558bf77e46aade53,3,"{""Java"": 2, ""Spring"": 1}",558bf77e46aade53,0.0,20.0,2.0,0.2325,ranked_candidate,"Ranked using semantic match 0.0, effective capacity 20.0 hours, and current utilization 0%."
246,java_backend_demo,76595.13,41.33,56,3,"{""Java"": 2, ""Spring"": 1}",56,0.0,20.0,2.0,0.2325,ranked_candidate,"Ranked using semantic match 0.0, effective capacity 20.0 hours, and current utilization 0%."
247,java_backend_demo,76595.13,41.33,562a915a33a22169,3,"{""Java"": 2, ""Spring"": 1}",562a915a33a22169,0.0,20.0,2.0,0.2325,ranked_candidate,"Ranked using semantic match 0.0, effective capacity 20.0 hours, and current utilization 0%."
248,java_backend_demo,76595.13,41.33,57,3,"{""Java"": 2, ""Spring"": 1}",57,0.0,20.0,2.0,0.2325,ranked_candidate,"Ranked using semantic match 0.0, effective capacity 20.0 hours, and current utilization 0%."
249,java_backend_demo,76595.13,41.33,570ce1d807682e6e,3,"{""Java"": 2, ""Spring"": 1}",570ce1d807682e6e,0.0,20.0,2.0,0.2325,ranked_candidate,"Ranked using semantic match 0.0, effective capacity 20.0 hours, and current utilization 0%."
250,java_backend_demo,76595.13,41.33,58,3,"{""Java"": 2, ""Spring"": 1}",58,0.0,20.0,2.0,0.2325,ranked_candidate,"Ranked using semantic match 0.0, effective capacity 20.0 hours, and current utilization 0%."
251,java_backend_demo,76595.13,41.33,582c41d78e28ed3c,3,"{""Java"": 2, ""Spring"": 1}",582c41d78e28ed3c,0.0,20.0,2.0,0.2325,ranked_candidate,"Ranked using semantic match 0.0, effective capacity 20.0 hours, and current utilization 0%."
252,java_backend_demo,76595.13,41.33,584fb24f44c20beb,3,"{""Java"": 2, ""Spring"": 1}",584fb24f44c20beb,0.0,20.0,2.0,0.2325,ranked_candidate,"Ranked using semantic match 0.0, effective capacity 20.0 hours, and current utilization 0%."
253,java_backend_demo,76595.13,41.33,59,3,"{""Java"": 2, ""Spring"": 1}",59,0.0,20.0,2.0,0.2325,ranked_candidate,"Ranked using semantic match 0.0, effective capacity 20.0 hours, and current utilization 0%."
254,java_backend_demo,76595.13,41.33,59309c4a7b724c04,3,"{""Java"": 2, ""Spring"": 1}",59309c4a7b724c04,0.0,20.0,2.0,0.2325,ranked_candidate,"Ranked using semantic match 0.0, effective capacity 20.0 hours, and current utilization 0%."
255,java_backend_demo,76595.13,41.33,5b43c530d64bc55b,3,"{""Java"": 2, ""Spring"": 1}",5b43c530d64bc55b,0.0,20.0,2.0,0.2325,ranked_candidate,"Ranked using semantic match 0.0, effective capacity 20.0 hours, and current utilization 0%."
256,java_backend_demo,76595.13,41.33,5bbb74d6f21d90c5,3,"{""Java"": 2, ""Spring"": 1}",5bbb74d6f21d90c5,0.0,20.0,2.0,0.2325,ranked_candidate,"Ranked using semantic match 0.0, effective capacity 20.0 hours, and current utilization 0%."
257,java_backend_demo,76595.13,41.33,5d0c2a37f534f2ce,3,"{""Java"": 2, ""Spring"": 1}",5d0c2a37f534f2ce,0.0,20.0,2.0,0.2325,ranked_candidate,"Ranked using semantic match 0.0, effective capacity 20.0 hours, and current utilization 0%."
258,java_backend_demo,76595.13,41.33,5da674aa8baf9602,3,"{""Java"": 2, ""Spring"": 1}",5da674aa8baf9602,0.0,20.0,2.0,0.2325,ranked_candidate,"Ranked using semantic match 0.0, effective capacity 20.0 hours, and current utilization 0%."
259,java_backend_demo,76595.13,41.33,5e31c191014c0b1c,3,"{""Java"": 2, ""Spring"": 1}",5e31c191014c0b1c,0.0,20.0,2.0,0.2325,ranked_candidate,"Ranked using semantic match 0.0, effective capacity 20.0 hours, and current utilization 0%."
260,java_backend_demo,76595.13,41.33,5e7b2cb27cfa3075,3,"{""Java"": 2, ""Spring"": 1}",5e7b2cb27cfa3075,0.0,20.0,2.0,0.2325,ranked_candidate,"Ranked using semantic match 0.0, effective capacity 20.0 hours, and current utilization 0%."
261,java_backend_demo,76595.13,41.33,5f909688f3197d9c,3,"{""Java"": 2, ""Spring"": 1}",5f909688f3197d9c,0.0,20.0,2.0,0.2325,ranked_candidate,"Ranked using semantic match 0.0, effective capacity 20.0 hours, and current utilization 0%."
262,java_backend_demo,76595.13,41.33,6,3,"{""Java"": 2, ""Spring"": 1}",6,0.0,20.0,2.0,0.2325,ranked_candidate,"Ranked using semantic match 0.0, effective capacity 20.0 hours, and current utilization 0%."
263,java_backend_demo,76595.13,41.33,60,3,"{""Java"": 2, ""Spring"": 1}",60,0.0,20.0,2.0,0.2325,ranked_candidate,"Ranked using semantic match 0.0, effective capacity 20.0 hours, and current utilization 0%."
264,java_backend_demo,76595.13,41.33,601b3a12bc0a5465,3,"{""Java"": 2, ""Spring"": 1}",601b3a12bc0a5465,0.0,20.0,2.0,0.2325,ranked_candidate,"Ranked using semantic match 0.0, effective capacity 20.0 hours, and current utilization 0%."
265,java_backend_demo,76595.13,41.33,61,3,"{""Java"": 2, ""Spring"": 1}",61,0.0,20.0,2.0,0.2325,ranked_candidate,"Ranked using semantic match 0.0, effective capacity 20.0 hours, and current utilization 0%."
266,java_backend_demo,76595.13,41.33,613d3901b57737bb,3,"{""Java"": 2, ""Spring"": 1}",613d3901b57737bb,0.0,20.0,2.0,0.2325,ranked_candidate,"Ranked using semantic match 0.0, effective capacity 20.0 hours, and current utilization 0%."
267,java_backend_demo,76595.13,41.33,62,3,"{""Java"": 2, ""Spring"": 1}",62,0.0,20.0,2.0,0.2325,ranked_candidate,"Ranked using semantic match 0.0, effective capacity 20.0 hours, and current utilization 0%."
268,java_backend_demo,76595.13,41.33,62a7255ad123da10,3,"{""Java"": 2, ""Spring"": 1}",62a7255ad123da10,0.0,20.0,2.0,0.2325,ranked_candidate,"Ranked using semantic match 0.0, effective capacity 20.0 hours, and current utilization 0%."
269,java_backend_demo,76595.13,41.33,63,3,"{""Java"": 2, ""Spring"": 1}",63,0.0,20.0,2.0,0.2325,ranked_candidate,"Ranked using semantic match 0.0, effective capacity 20.0 hours, and current utilization 0%."
270,java_backend_demo,76595.13,41.33,63b2c2173cef89c4,3,"{""Java"": 2, ""Spring"": 1}",63b2c2173cef89c4,0.0,20.0,2.0,0.2325,ranked_candidate,"Ranked using semantic match 0.0, effective capacity 20.0 hours, and current utilization 0%."
271,java_backend_demo,76595.13,41.33,64,3,"{""Java"": 2, ""Spring"": 1}",64,0.0,20.0,2.0,0.2325,ranked_candidate,"Ranked using semantic match 0.0, effective capacity 20.0 hours, and current utilization 0%."
272,java_backend_demo,76595.13,41.33,65,3,"{""Java"": 2, ""Spring"": 1}",65,0.0,20.0,2.0,0.2325,ranked_candidate,"Ranked using semantic match 0.0, effective capacity 20.0 hours, and current utilization 0%."
273,java_backend_demo,76595.13,41.33,65721c533d9f6a0a,3,"{""Java"": 2, ""Spring"": 1}",65721c533d9f6a0a,0.0,20.0,2.0,0.2325,ranked_candidate,"Ranked using semantic match 0.0, effective capacity 20.0 hours, and current utilization 0%."
274,java_backend_demo,76595.13,41.33,65c4f4e57e27bbfa,3,"{""Java"": 2, ""Spring"": 1}",65c4f4e57e27bbfa,0.0,20.0,2.0,0.2325,ranked_candidate,"Ranked using semantic match 0.0, effective capacity 20.0 hours, and current utilization 0%."
275,java_backend_demo,76595.13,41.33,65eb93dceff2b481,3,"{""Java"": 2, ""Spring"": 1}",65eb93dceff2b481,0.0,20.0,2.0,0.2325,ranked_candidate,"Ranked using semantic match 0.0, effective capacity 20.0 hours, and current utilization 0%."
276,java_backend_demo,76595.13,41.33,66,3,"{""Java"": 2, ""Spring"": 1}",66,0.0,20.0,2.0,0.2325,ranked_candidate,"Ranked using semantic match 0.0, effective capacity 20.0 hours, and current utilization 0%."
277,java_backend_demo,76595.13,41.33,66c337fd7aafc494,3,"{""Java"": 2, ""Spring"": 1}",66c337fd7aafc494,0.0,20.0,2.0,0.2325,ranked_candidate,"Ranked using semantic match 0.0, effective capacity 20.0 hours, and current utilization 0%."
278,java_backend_demo,76595.13,41.33,66ea8fd46226fdf8,3,"{""Java"": 2, ""Spring"": 1}",66ea8fd46226fdf8,0.0,20.0,2.0,0.2325,ranked_candidate,"Ranked using semantic match 0.0, effective capacity 20.0 hours, and current utilization 0%."
279,java_backend_demo,76595.13,41.33,67,3,"{""Java"": 2, ""Spring"": 1}",67,0.0,20.0,2.0,0.2325,ranked_candidate,"Ranked using semantic match 0.0, effective capacity 20.0 hours, and current utilization 0%."
280,java_backend_demo,76595.13,41.33,68,3,"{""Java"": 2, ""Spring"": 1}",68,0.0,20.0,2.0,0.2325,ranked_candidate,"Ranked using semantic match 0.0, effective capacity 20.0 hours, and current utilization 0%."
281,java_backend_demo,76595.13,41.33,68a339fb43e36c2b,3,"{""Java"": 2, ""Spring"": 1}",68a339fb43e36c2b,0.0,20.0,2.0,0.2325,ranked_candidate,"Ranked using semantic match 0.0, effective capacity 20.0 hours, and current utilization 0%."
282,java_backend_demo,76595.13,41.33,69,3,"{""Java"": 2, ""Spring"": 1}",69,0.0,20.0,2.0,0.2325,ranked_candidate,"Ranked using semantic match 0.0, effective capacity 20.0 hours, and current utilization 0%."
283,java_backend_demo,76595.13,41.33,69952382c7bfce64,3,"{""Java"": 2, ""Spring"": 1}",69952382c7bfce64,0.0,20.0,2.0,0.2325,ranked_candidate,"Ranked using semantic match 0.0, effective capacity 20.0 hours, and current utilization 0%."
284,java_backend_demo,76595.13,41.33,69efcd3ea7c34266,3,"{""Java"": 2, ""Spring"": 1}",69efcd3ea7c34266,0.0,20.0,2.0,0.2325,ranked_candidate,"Ranked using semantic match 0.0, effective capacity 20.0 hours, and current utilization 0%."
285,java_backend_demo,76595.13,41.33,6afac1e12215041d,3,"{""Java"": 2, ""Spring"": 1}",6afac1e12215041d,0.0,20.0,2.0,0.2325,ranked_candidate,"Ranked using semantic match 0.0, effective capacity 20.0 hours, and current utilization 0%."
286,java_backend_demo,76595.13,41.33,6c4a1e4b115feca6,3,"{""Java"": 2, ""Spring"": 1}",6c4a1e4b115feca6,0.0,20.0,2.0,0.2325,ranked_candidate,"Ranked using semantic match 0.0, effective capacity 20.0 hours, and current utilization 0%."
287,java_backend_demo,76595.13,41.33,6e2f959810c4535c,3,"{""Java"": 2, ""Spring"": 1}",6e2f959810c4535c,0.0,20.0,2.0,0.2325,ranked_candidate,"Ranked using semantic match 0.0, effective capacity 20.0 hours, and current utilization 0%."
288,java_backend_demo,76595.13,41.33,6f6e8827aa1caea5,3,"{""Java"": 2, ""Spring"": 1}",6f6e8827aa1caea5,0.0,20.0,2.0,0.2325,ranked_candidate,"Ranked using semantic match 0.0, effective capacity 20.0 hours, and current utilization 0%."
289,java_backend_demo,76595.13,41.33,6fd7ef1122fe8563,3,"{""Java"": 2, ""Spring"": 1}",6fd7ef1122fe8563,0.0,20.0,2.0,0.2325,ranked_candidate,"Ranked using semantic match 0.0, effective capacity 20.0 hours, and current utilization 0%."
290,java_backend_demo,76595.13,41.33,7,3,"{""Java"": 2, ""Spring"": 1}",7,0.0,20.0,2.0,0.2325,ranked_candidate,"Ranked using semantic match 0.0, effective capacity 20.0 hours, and current utilization 0%."
291,java_backend_demo,76595.13,41.33,70,3,"{""Java"": 2, ""Spring"": 1}",70,0.0,20.0,2.0,0.2325,ranked_candidate,"Ranked using semantic match 0.0, effective capacity 20.0 hours, and current utilization 0%."
292,java_backend_demo,76595.13,41.33,702ec4413907872a,3,"{""Java"": 2, ""Spring"": 1}",702ec4413907872a,0.0,20.0,2.0,0.2325,ranked_candidate,"Ranked using semantic match 0.0, effective capacity 20.0 hours, and current utilization 0%."
293,java_backend_demo,76595.13,41.33,702fb8c84a9c1a47,3,"{""Java"": 2, ""Spring"": 1}",702fb8c84a9c1a47,0.0,20.0,2.0,0.2325,ranked_candidate,"Ranked using semantic match 0.0, effective capacity 20.0 hours, and current utilization 0%."
294,java_backend_demo,76595.13,41.33,71,3,"{""Java"": 2, ""Spring"": 1}",71,0.0,20.0,2.0,0.2325,ranked_candidate,"Ranked using semantic match 0.0, effective capacity 20.0 hours, and current utilization 0%."
295,java_backend_demo,76595.13,41.33,71c895e0a8f3a6b5,3,"{""Java"": 2, ""Spring"": 1}",71c895e0a8f3a6b5,0.0,20.0,2.0,0.2325,ranked_candidate,"Ranked using semantic match 0.0, effective capacity 20.0 hours, and current utilization 0%."
296,java_backend_demo,76595.13,41.33,71cdee9bdd6893ba,3,"{""Java"": 2, ""Spring"": 1}",71cdee9bdd6893ba,0.0,20.0,2.0,0.2325,ranked_candidate,"Ranked using semantic match 0.0, effective capacity 20.0 hours, and current utilization 0%."
297,java_backend_demo,76595.13,41.33,71d75d7b623c9997,3,"{""Java"": 2, ""Spring"": 1}",71d75d7b623c9997,0.0,20.0,2.0,0.2325,ranked_candidate,"Ranked using semantic match 0.0, effective capacity 20.0 hours, and current utilization 0%."
298,java_backend_demo,76595.13,41.33,72,3,"{""Java"": 2, ""Spring"": 1}",72,0.0,20.0,2.0,0.2325,ranked_candidate,"Ranked using semantic match 0.0, effective capacity 20.0 hours, and current utilization 0%."
299,java_backend_demo,76595.13,41.33,73,3,"{""Java"": 2, ""Spring"": 1}",73,0.0,20.0,2.0,0.2325,ranked_candidate,"Ranked using semantic match 0.0, effective capacity 20.0 hours, and current utilization 0%."
300,java_backend_demo,76595.13,41.33,737fe59043067635,3,"{""Java"": 2, ""Spring"": 1}",737fe59043067635,0.0,20.0,2.0,0.2325,ranked_candidate,"Ranked using semantic match 0.0, effective capacity 20.0 hours, and current utilization 0%."
301,java_backend_demo,76595.13,41.33,738fb7ad91b15958,3,"{""Java"": 2, ""Spring"": 1}",738fb7ad91b15958,0.0,20.0,2.0,0.2325,ranked_candidate,"Ranked using semantic match 0.0, effective capacity 20.0 hours, and current utilization 0%."
302,java_backend_demo,76595.13,41.33,73beb7b2b104260e,3,"{""Java"": 2, ""Spring"": 1}",73beb7b2b104260e,0.0,20.0,2.0,0.2325,ranked_candidate,"Ranked using semantic match 0.0, effective capacity 20.0 hours, and current utilization 0%."
303,java_backend_demo,76595.13,41.33,73d3b0bd8afe3ac5,3,"{""Java"": 2, ""Spring"": 1}",73d3b0bd8afe3ac5,0.0,20.0,2.0,0.2325,ranked_candidate,"Ranked using semantic match 0.0, effective capacity 20.0 hours, and current utilization 0%."
304,java_backend_demo,76595.13,41.33,73d641b40182b6ee,3,"{""Java"": 2, ""Spring"": 1}",73d641b40182b6ee,0.0,20.0,2.0,0.2325,ranked_candidate,"Ranked using semantic match 0.0, effective capacity 20.0 hours, and current utilization 0%."
305,java_backend_demo,76595.13,41.33,74,3,"{""Java"": 2, ""Spring"": 1}",74,0.0,20.0,2.0,0.2325,ranked_candidate,"Ranked using semantic match 0.0, effective capacity 20.0 hours, and current utilization 0%."
306,java_backend_demo,76595.13,41.33,748c32c35a32a238,3,"{""Java"": 2, ""Spring"": 1}",748c32c35a32a238,0.0,20.0,2.0,0.2325,ranked_candidate,"Ranked using semantic match 0.0, effective capacity 20.0 hours, and current utilization 0%."
307,java_backend_demo,76595.13,41.33,75,3,"{""Java"": 2, ""Spring"": 1}",75,0.0,20.0,2.0,0.2325,ranked_candidate,"Ranked using semantic match 0.0, effective capacity 20.0 hours, and current utilization 0%."
308,java_backend_demo,76595.13,41.33,75b7efde238c9d4f,3,"{""Java"": 2, ""Spring"": 1}",75b7efde238c9d4f,0.0,20.0,2.0,0.2325,ranked_candidate,"Ranked using semantic match 0.0, effective capacity 20.0 hours, and current utilization 0%."
309,java_backend_demo,76595.13,41.33,76,3,"{""Java"": 2, ""Spring"": 1}",76,0.0,20.0,2.0,0.2325,ranked_candidate,"Ranked using semantic match 0.0, effective capacity 20.0 hours, and current utilization 0%."
310,java_backend_demo,76595.13,41.33,767f31a26171a6f8,3,"{""Java"": 2, ""Spring"": 1}",767f31a26171a6f8,0.0,20.0,2.0,0.2325,ranked_candidate,"Ranked using semantic match 0.0, effective capacity 20.0 hours, and current utilization 0%."
311,java_backend_demo,76595.13,41.33,77,3,"{""Java"": 2, ""Spring"": 1}",77,0.0,20.0,2.0,0.2325,ranked_candidate,"Ranked using semantic match 0.0, effective capacity 20.0 hours, and current utilization 0%."
312,java_backend_demo,76595.13,41.33,78,3,"{""Java"": 2, ""Spring"": 1}",78,0.0,20.0,2.0,0.2325,ranked_candidate,"Ranked using semantic match 0.0, effective capacity 20.0 hours, and current utilization 0%."
313,java_backend_demo,76595.13,41.33,79,3,"{""Java"": 2, ""Spring"": 1}",79,0.0,20.0,2.0,0.2325,ranked_candidate,"Ranked using semantic match 0.0, effective capacity 20.0 hours, and current utilization 0%."
314,java_backend_demo,76595.13,41.33,79539e02d5659697,3,"{""Java"": 2, ""Spring"": 1}",79539e02d5659697,0.0,20.0,2.0,0.2325,ranked_candidate,"Ranked using semantic match 0.0, effective capacity 20.0 hours, and current utilization 0%."
315,java_backend_demo,76595.13,41.33,7a423a5200c2ed5f,3,"{""Java"": 2, ""Spring"": 1}",7a423a5200c2ed5f,0.0,20.0,2.0,0.2325,ranked_candidate,"Ranked using semantic match 0.0, effective capacity 20.0 hours, and current utilization 0%."
316,java_backend_demo,76595.13,41.33,7b3aff5e6e5b3b72,3,"{""Java"": 2, ""Spring"": 1}",7b3aff5e6e5b3b72,0.0,20.0,2.0,0.2325,ranked_candidate,"Ranked using semantic match 0.0, effective capacity 20.0 hours, and current utilization 0%."
317,java_backend_demo,76595.13,41.33,7b595e1e016cb7d8,3,"{""Java"": 2, ""Spring"": 1}",7b595e1e016cb7d8,0.0,20.0,2.0,0.2325,ranked_candidate,"Ranked using semantic match 0.0, effective capacity 20.0 hours, and current utilization 0%."
318,java_backend_demo,76595.13,41.33,7b8de8b68661220b,3,"{""Java"": 2, ""Spring"": 1}",7b8de8b68661220b,0.0,20.0,2.0,0.2325,ranked_candidate,"Ranked using semantic match 0.0, effective capacity 20.0 hours, and current utilization 0%."
319,java_backend_demo,76595.13,41.33,7dc62fc6dac84359,3,"{""Java"": 2, ""Spring"": 1}",7dc62fc6dac84359,0.0,20.0,2.0,0.2325,ranked_candidate,"Ranked using semantic match 0.0, effective capacity 20.0 hours, and current utilization 0%."
320,java_backend_demo,76595.13,41.33,7dd7f2a9f229b087,3,"{""Java"": 2, ""Spring"": 1}",7dd7f2a9f229b087,0.0,20.0,2.0,0.2325,ranked_candidate,"Ranked using semantic match 0.0, effective capacity 20.0 hours, and current utilization 0%."
321,java_backend_demo,76595.13,41.33,8,3,"{""Java"": 2, ""Spring"": 1}",8,0.0,20.0,2.0,0.2325,ranked_candidate,"Ranked using semantic match 0.0, effective capacity 20.0 hours, and current utilization 0%."
322,java_backend_demo,76595.13,41.33,80,3,"{""Java"": 2, ""Spring"": 1}",80,0.0,20.0,2.0,0.2325,ranked_candidate,"Ranked using semantic match 0.0, effective capacity 20.0 hours, and current utilization 0%."
323,java_backend_demo,76595.13,41.33,80f9f0d97d756276,3,"{""Java"": 2, ""Spring"": 1}",80f9f0d97d756276,0.0,20.0,2.0,0.2325,ranked_candidate,"Ranked using semantic match 0.0, effective capacity 20.0 hours, and current utilization 0%."
324,java_backend_demo,76595.13,41.33,81,3,"{""Java"": 2, ""Spring"": 1}",81,0.0,20.0,2.0,0.2325,ranked_candidate,"Ranked using semantic match 0.0, effective capacity 20.0 hours, and current utilization 0%."
325,java_backend_demo,76595.13,41.33,81946e92df5ad15b,3,"{""Java"": 2, ""Spring"": 1}",81946e92df5ad15b,0.0,20.0,2.0,0.2325,ranked_candidate,"Ranked using semantic match 0.0, effective capacity 20.0 hours, and current utilization 0%."
326,java_backend_demo,76595.13,41.33,81c8063de6e121dc,3,"{""Java"": 2, ""Spring"": 1}",81c8063de6e121dc,0.0,20.0,2.0,0.2325,ranked_candidate,"Ranked using semantic match 0.0, effective capacity 20.0 hours, and current utilization 0%."
327,java_backend_demo,76595.13,41.33,82,3,"{""Java"": 2, ""Spring"": 1}",82,0.0,20.0,2.0,0.2325,ranked_candidate,"Ranked using semantic match 0.0, effective capacity 20.0 hours, and current utilization 0%."
328,java_backend_demo,76595.13,41.33,82d35a51535d380f,3,"{""Java"": 2, ""Spring"": 1}",82d35a51535d380f,0.0,20.0,2.0,0.2325,ranked_candidate,"Ranked using semantic match 0.0, effective capacity 20.0 hours, and current utilization 0%."
329,java_backend_demo,76595.13,41.33,83,3,"{""Java"": 2, ""Spring"": 1}",83,0.0,20.0,2.0,0.2325,ranked_candidate,"Ranked using semantic match 0.0, effective capacity 20.0 hours, and current utilization 0%."
330,java_backend_demo,76595.13,41.33,83918918f322f863,3,"{""Java"": 2, ""Spring"": 1}",83918918f322f863,0.0,20.0,2.0,0.2325,ranked_candidate,"Ranked using semantic match 0.0, effective capacity 20.0 hours, and current utilization 0%."
331,java_backend_demo,76595.13,41.33,84,3,"{""Java"": 2, ""Spring"": 1}",84,0.0,20.0,2.0,0.2325,ranked_candidate,"Ranked using semantic match 0.0, effective capacity 20.0 hours, and current utilization 0%."
332,java_backend_demo,76595.13,41.33,84d136f732964f44,3,"{""Java"": 2, ""Spring"": 1}",84d136f732964f44,0.0,20.0,2.0,0.2325,ranked_candidate,"Ranked using semantic match 0.0, effective capacity 20.0 hours, and current utilization 0%."
333,java_backend_demo,76595.13,41.33,85,3,"{""Java"": 2, ""Spring"": 1}",85,0.0,20.0,2.0,0.2325,ranked_candidate,"Ranked using semantic match 0.0, effective capacity 20.0 hours, and current utilization 0%."
334,java_backend_demo,76595.13,41.33,851cbb485b35f3b4,3,"{""Java"": 2, ""Spring"": 1}",851cbb485b35f3b4,0.0,20.0,2.0,0.2325,ranked_candidate,"Ranked using semantic match 0.0, effective capacity 20.0 hours, and current utilization 0%."
335,java_backend_demo,76595.13,41.33,856edb802551f3bc,3,"{""Java"": 2, ""Spring"": 1}",856edb802551f3bc,0.0,20.0,2.0,0.2325,ranked_candidate,"Ranked using semantic match 0.0, effective capacity 20.0 hours, and current utilization 0%."
336,java_backend_demo,76595.13,41.33,86,3,"{""Java"": 2, ""Spring"": 1}",86,0.0,20.0,2.0,0.2325,ranked_candidate,"Ranked using semantic match 0.0, effective capacity 20.0 hours, and current utilization 0%."
337,java_backend_demo,76595.13,41.33,86f2df5a76332a50,3,"{""Java"": 2, ""Spring"": 1}",86f2df5a76332a50,0.0,20.0,2.0,0.2325,ranked_candidate,"Ranked using semantic match 0.0, effective capacity 20.0 hours, and current utilization 0%."
338,java_backend_demo,76595.13,41.33,87,3,"{""Java"": 2, ""Spring"": 1}",87,0.0,20.0,2.0,0.2325,ranked_candidate,"Ranked using semantic match 0.0, effective capacity 20.0 hours, and current utilization 0%."
339,java_backend_demo,76595.13,41.33,88,3,"{""Java"": 2, ""Spring"": 1}",88,0.0,20.0,2.0,0.2325,ranked_candidate,"Ranked using semantic match 0.0, effective capacity 20.0 hours, and current utilization 0%."
340,java_backend_demo,76595.13,41.33,89,3,"{""Java"": 2, ""Spring"": 1}",89,0.0,20.0,2.0,0.2325,ranked_candidate,"Ranked using semantic match 0.0, effective capacity 20.0 hours, and current utilization 0%."
341,java_backend_demo,76595.13,41.33,898253135d9e1f0b,3,"{""Java"": 2, ""Spring"": 1}",898253135d9e1f0b,0.0,20.0,2.0,0.2325,ranked_candidate,"Ranked using semantic match 0.0, effective capacity 20.0 hours, and current utilization 0%."
342,java_backend_demo,76595.13,41.33,8998b1a914d6f04e,3,"{""Java"": 2, ""Spring"": 1}",8998b1a914d6f04e,0.0,20.0,2.0,0.2325,ranked_candidate,"Ranked using semantic match 0.0, effective capacity 20.0 hours, and current utilization 0%."
343,java_backend_demo,76595.13,41.33,89aa3b531790bd2f,3,"{""Java"": 2, ""Spring"": 1}",89aa3b531790bd2f,0.0,20.0,2.0,0.2325,ranked_candidate,"Ranked using semantic match 0.0, effective capacity 20.0 hours, and current utilization 0%."
344,java_backend_demo,76595.13,41.33,8ac728ea5cb5894e,3,"{""Java"": 2, ""Spring"": 1}",8ac728ea5cb5894e,0.0,20.0,2.0,0.2325,ranked_candidate,"Ranked using semantic match 0.0, effective capacity 20.0 hours, and current utilization 0%."
345,java_backend_demo,76595.13,41.33,8bd44c36ae64a357,3,"{""Java"": 2, ""Spring"": 1}",8bd44c36ae64a357,0.0,20.0,2.0,0.2325,ranked_candidate,"Ranked using semantic match 0.0, effective capacity 20.0 hours, and current utilization 0%."
346,java_backend_demo,76595.13,41.33,8c78ff3e35d37609,3,"{""Java"": 2, ""Spring"": 1}",8c78ff3e35d37609,0.0,20.0,2.0,0.2325,ranked_candidate,"Ranked using semantic match 0.0, effective capacity 20.0 hours, and current utilization 0%."
347,java_backend_demo,76595.13,41.33,8caffb896f9078eb,3,"{""Java"": 2, ""Spring"": 1}",8caffb896f9078eb,0.0,20.0,2.0,0.2325,ranked_candidate,"Ranked using semantic match 0.0, effective capacity 20.0 hours, and current utilization 0%."
348,java_backend_demo,76595.13,41.33,8e736e58391dc32f,3,"{""Java"": 2, ""Spring"": 1}",8e736e58391dc32f,0.0,20.0,2.0,0.2325,ranked_candidate,"Ranked using semantic match 0.0, effective capacity 20.0 hours, and current utilization 0%."
349,java_backend_demo,76595.13,41.33,8e75f5014daeeebd,3,"{""Java"": 2, ""Spring"": 1}",8e75f5014daeeebd,0.0,20.0,2.0,0.2325,ranked_candidate,"Ranked using semantic match 0.0, effective capacity 20.0 hours, and current utilization 0%."
350,java_backend_demo,76595.13,41.33,8ee856ec6d647946,3,"{""Java"": 2, ""Spring"": 1}",8ee856ec6d647946,0.0,20.0,2.0,0.2325,ranked_candidate,"Ranked using semantic match 0.0, effective capacity 20.0 hours, and current utilization 0%."
351,java_backend_demo,76595.13,41.33,8f4a16eee5bb1e96,3,"{""Java"": 2, ""Spring"": 1}",8f4a16eee5bb1e96,0.0,20.0,2.0,0.2325,ranked_candidate,"Ranked using semantic match 0.0, effective capacity 20.0 hours, and current utilization 0%."
352,java_backend_demo,76595.13,41.33,8f5b9e8bbd45b642,3,"{""Java"": 2, ""Spring"": 1}",8f5b9e8bbd45b642,0.0,20.0,2.0,0.2325,ranked_candidate,"Ranked using semantic match 0.0, effective capacity 20.0 hours, and current utilization 0%."
353,java_backend_demo,76595.13,41.33,9,3,"{""Java"": 2, ""Spring"": 1}",9,0.0,20.0,2.0,0.2325,ranked_candidate,"Ranked using semantic match 0.0, effective capacity 20.0 hours, and current utilization 0%."
354,java_backend_demo,76595.13,41.33,90,3,"{""Java"": 2, ""Spring"": 1}",90,0.0,20.0,2.0,0.2325,ranked_candidate,"Ranked using semantic match 0.0, effective capacity 20.0 hours, and current utilization 0%."
355,java_backend_demo,76595.13,41.33,908d75938cb74120,3,"{""Java"": 2, ""Spring"": 1}",908d75938cb74120,0.0,20.0,2.0,0.2325,ranked_candidate,"Ranked using semantic match 0.0, effective capacity 20.0 hours, and current utilization 0%."
356,java_backend_demo,76595.13,41.33,91,3,"{""Java"": 2, ""Spring"": 1}",91,0.0,20.0,2.0,0.2325,ranked_candidate,"Ranked using semantic match 0.0, effective capacity 20.0 hours, and current utilization 0%."
357,java_backend_demo,76595.13,41.33,91243d36f9142274,3,"{""Java"": 2, ""Spring"": 1}",91243d36f9142274,0.0,20.0,2.0,0.2325,ranked_candidate,"Ranked using semantic match 0.0, effective capacity 20.0 hours, and current utilization 0%."
358,java_backend_demo,76595.13,41.33,915e68e8201e0125,3,"{""Java"": 2, ""Spring"": 1}",915e68e8201e0125,0.0,20.0,2.0,0.2325,ranked_candidate,"Ranked using semantic match 0.0, effective capacity 20.0 hours, and current utilization 0%."
359,java_backend_demo,76595.13,41.33,92,3,"{""Java"": 2, ""Spring"": 1}",92,0.0,20.0,2.0,0.2325,ranked_candidate,"Ranked using semantic match 0.0, effective capacity 20.0 hours, and current utilization 0%."
360,java_backend_demo,76595.13,41.33,93,3,"{""Java"": 2, ""Spring"": 1}",93,0.0,20.0,2.0,0.2325,ranked_candidate,"Ranked using semantic match 0.0, effective capacity 20.0 hours, and current utilization 0%."
361,java_backend_demo,76595.13,41.33,93d19ec90797fd74,3,"{""Java"": 2, ""Spring"": 1}",93d19ec90797fd74,0.0,20.0,2.0,0.2325,ranked_candidate,"Ranked using semantic match 0.0, effective capacity 20.0 hours, and current utilization 0%."
362,java_backend_demo,76595.13,41.33,94,3,"{""Java"": 2, ""Spring"": 1}",94,0.0,20.0,2.0,0.2325,ranked_candidate,"Ranked using semantic match 0.0, effective capacity 20.0 hours, and current utilization 0%."
363,java_backend_demo,76595.13,41.33,942fefdd2af45c13,3,"{""Java"": 2, ""Spring"": 1}",942fefdd2af45c13,0.0,20.0,2.0,0.2325,ranked_candidate,"Ranked using semantic match 0.0, effective capacity 20.0 hours, and current utilization 0%."
364,java_backend_demo,76595.13,41.33,95,3,"{""Java"": 2, ""Spring"": 1}",95,0.0,20.0,2.0,0.2325,ranked_candidate,"Ranked using semantic match 0.0, effective capacity 20.0 hours, and current utilization 0%."
365,java_backend_demo,76595.13,41.33,9559a836a057e789,3,"{""Java"": 2, ""Spring"": 1}",9559a836a057e789,0.0,20.0,2.0,0.2325,ranked_candidate,"Ranked using semantic match 0.0, effective capacity 20.0 hours, and current utilization 0%."
366,java_backend_demo,76595.13,41.33,96,3,"{""Java"": 2, ""Spring"": 1}",96,0.0,20.0,2.0,0.2325,ranked_candidate,"Ranked using semantic match 0.0, effective capacity 20.0 hours, and current utilization 0%."
367,java_backend_demo,76595.13,41.33,96660a5b11a0bb44,3,"{""Java"": 2, ""Spring"": 1}",96660a5b11a0bb44,0.0,20.0,2.0,0.2325,ranked_candidate,"Ranked using semantic match 0.0, effective capacity 20.0 hours, and current utilization 0%."
368,java_backend_demo,76595.13,41.33,97,3,"{""Java"": 2, ""Spring"": 1}",97,0.0,20.0,2.0,0.2325,ranked_candidate,"Ranked using semantic match 0.0, effective capacity 20.0 hours, and current utilization 0%."
369,java_backend_demo,76595.13,41.33,9742f91db5981216,3,"{""Java"": 2, ""Spring"": 1}",9742f91db5981216,0.0,20.0,2.0,0.2325,ranked_candidate,"Ranked using semantic match 0.0, effective capacity 20.0 hours, and current utilization 0%."
370,java_backend_demo,76595.13,41.33,977c73819680d8e5,3,"{""Java"": 2, ""Spring"": 1}",977c73819680d8e5,0.0,20.0,2.0,0.2325,ranked_candidate,"Ranked using semantic match 0.0, effective capacity 20.0 hours, and current utilization 0%."
371,java_backend_demo,76595.13,41.33,97d2cf63a2b6c23f,3,"{""Java"": 2, ""Spring"": 1}",97d2cf63a2b6c23f,0.0,20.0,2.0,0.2325,ranked_candidate,"Ranked using semantic match 0.0, effective capacity 20.0 hours, and current utilization 0%."
372,java_backend_demo,76595.13,41.33,98,3,"{""Java"": 2, ""Spring"": 1}",98,0.0,20.0,2.0,0.2325,ranked_candidate,"Ranked using semantic match 0.0, effective capacity 20.0 hours, and current utilization 0%."
373,java_backend_demo,76595.13,41.33,982e8f1f5449d541,3,"{""Java"": 2, ""Spring"": 1}",982e8f1f5449d541,0.0,20.0,2.0,0.2325,ranked_candidate,"Ranked using semantic match 0.0, effective capacity 20.0 hours, and current utilization 0%."
374,java_backend_demo,76595.13,41.33,989d6cebc38b2f9f,3,"{""Java"": 2, ""Spring"": 1}",989d6cebc38b2f9f,0.0,20.0,2.0,0.2325,ranked_candidate,"Ranked using semantic match 0.0, effective capacity 20.0 hours, and current utilization 0%."
375,java_backend_demo,76595.13,41.33,98e19323fa142b22,3,"{""Java"": 2, ""Spring"": 1}",98e19323fa142b22,0.0,20.0,2.0,0.2325,ranked_candidate,"Ranked using semantic match 0.0, effective capacity 20.0 hours, and current utilization 0%."
376,java_backend_demo,76595.13,41.33,99,3,"{""Java"": 2, ""Spring"": 1}",99,0.0,20.0,2.0,0.2325,ranked_candidate,"Ranked using semantic match 0.0, effective capacity 20.0 hours, and current utilization 0%."
377,java_backend_demo,76595.13,41.33,9a45a5b2cb4113d9,3,"{""Java"": 2, ""Spring"": 1}",9a45a5b2cb4113d9,0.0,20.0,2.0,0.2325,ranked_candidate,"Ranked using semantic match 0.0, effective capacity 20.0 hours, and current utilization 0%."
378,java_backend_demo,76595.13,41.33,9b79bec4cf981b5e,3,"{""Java"": 2, ""Spring"": 1}",9b79bec4cf981b5e,0.0,20.0,2.0,0.2325,ranked_candidate,"Ranked using semantic match 0.0, effective capacity 20.0 hours, and current utilization 0%."
379,java_backend_demo,76595.13,41.33,9d83b0d906be89d4,3,"{""Java"": 2, ""Spring"": 1}",9d83b0d906be89d4,0.0,20.0,2.0,0.2325,ranked_candidate,"Ranked using semantic match 0.0, effective capacity 20.0 hours, and current utilization 0%."
380,java_backend_demo,76595.13,41.33,9de4f80b66f0c030,3,"{""Java"": 2, ""Spring"": 1}",9de4f80b66f0c030,0.0,20.0,2.0,0.2325,ranked_candidate,"Ranked using semantic match 0.0, effective capacity 20.0 hours, and current utilization 0%."
381,java_backend_demo,76595.13,41.33,9e3e7f2941d594dc,3,"{""Java"": 2, ""Spring"": 1}",9e3e7f2941d594dc,0.0,20.0,2.0,0.2325,ranked_candidate,"Ranked using semantic match 0.0, effective capacity 20.0 hours, and current utilization 0%."
382,java_backend_demo,76595.13,41.33,9e51c0635ee2914d,3,"{""Java"": 2, ""Spring"": 1}",9e51c0635ee2914d,0.0,20.0,2.0,0.2325,ranked_candidate,"Ranked using semantic match 0.0, effective capacity 20.0 hours, and current utilization 0%."
383,java_backend_demo,76595.13,41.33,9ed5a3667eb5d8da,3,"{""Java"": 2, ""Spring"": 1}",9ed5a3667eb5d8da,0.0,20.0,2.0,0.2325,ranked_candidate,"Ranked using semantic match 0.0, effective capacity 20.0 hours, and current utilization 0%."
384,java_backend_demo,76595.13,41.33,9ef53dad8ad38300,3,"{""Java"": 2, ""Spring"": 1}",9ef53dad8ad38300,0.0,20.0,2.0,0.2325,ranked_candidate,"Ranked using semantic match 0.0, effective capacity 20.0 hours, and current utilization 0%."
385,java_backend_demo,76595.13,41.33,9f491e8c7185d098,3,"{""Java"": 2, ""Spring"": 1}",9f491e8c7185d098,0.0,20.0,2.0,0.2325,ranked_candidate,"Ranked using semantic match 0.0, effective capacity 20.0 hours, and current utilization 0%."
386,java_backend_demo,76595.13,41.33,Image_1,3,"{""Java"": 2, ""Spring"": 1}",Image 1,0.0,20.0,2.0,0.2325,ranked_candidate,"Ranked using semantic match 0.0, effective capacity 20.0 hours, and current utilization 0%."
387,java_backend_demo,76595.13,41.33,Image_100,3,"{""Java"": 2, ""Spring"": 1}",Image 100,0.0,20.0,2.0,0.2325,ranked_candidate,"Ranked using semantic match 0.0, effective capacity 20.0 hours, and current utilization 0%."
388,java_backend_demo,76595.13,41.33,Image_11,3,"{""Java"": 2, ""Spring"": 1}",Image 11,0.0,20.0,2.0,0.2325,ranked_candidate,"Ranked using semantic match 0.0, effective capacity 20.0 hours, and current utilization 0%."
389,java_backend_demo,76595.13,41.33,Image_12,3,"{""Java"": 2, ""Spring"": 1}",Image 12,0.0,20.0,2.0,0.2325,ranked_candidate,"Ranked using semantic match 0.0, effective capacity 20.0 hours, and current utilization 0%."
390,java_backend_demo,76595.13,41.33,Image_13,3,"{""Java"": 2, ""Spring"": 1}",Image 13,0.0,20.0,2.0,0.2325,ranked_candidate,"Ranked using semantic match 0.0, effective capacity 20.0 hours, and current utilization 0%."
391,java_backend_demo,76595.13,41.33,Image_14,3,"{""Java"": 2, ""Spring"": 1}",Image 14,0.0,20.0,2.0,0.2325,ranked_candidate,"Ranked using semantic match 0.0, effective capacity 20.0 hours, and current utilization 0%."
392,java_backend_demo,76595.13,41.33,Image_15,3,"{""Java"": 2, ""Spring"": 1}",Image 15,0.0,20.0,2.0,0.2325,ranked_candidate,"Ranked using semantic match 0.0, effective capacity 20.0 hours, and current utilization 0%."
393,java_backend_demo,76595.13,41.33,Image_16,3,"{""Java"": 2, ""Spring"": 1}",Image 16,0.0,20.0,2.0,0.2325,ranked_candidate,"Ranked using semantic match 0.0, effective capacity 20.0 hours, and current utilization 0%."
394,java_backend_demo,76595.13,41.33,Image_17,3,"{""Java"": 2, ""Spring"": 1}",Image 17,0.0,20.0,2.0,0.2325,ranked_candidate,"Ranked using semantic match 0.0, effective capacity 20.0 hours, and current utilization 0%."
395,java_backend_demo,76595.13,41.33,Image_19,3,"{""Java"": 2, ""Spring"": 1}",Image 19,0.0,20.0,2.0,0.2325,ranked_candidate,"Ranked using semantic match 0.0, effective capacity 20.0 hours, and current utilization 0%."
396,java_backend_demo,76595.13,41.33,Image_20,3,"{""Java"": 2, ""Spring"": 1}",Image 20,0.0,20.0,2.0,0.2325,ranked_candidate,"Ranked using semantic match 0.0, effective capacity 20.0 hours, and current utilization 0%."
397,java_backend_demo,76595.13,41.33,Image_21,3,"{""Java"": 2, ""Spring"": 1}",Image 21,0.0,20.0,2.0,0.2325,ranked_candidate,"Ranked using semantic match 0.0, effective capacity 20.0 hours, and current utilization 0%."
398,java_backend_demo,76595.13,41.33,Image_22,3,"{""Java"": 2, ""Spring"": 1}",Image 22,0.0,20.0,2.0,0.2325,ranked_candidate,"Ranked using semantic match 0.0, effective capacity 20.0 hours, and current utilization 0%."
399,java_backend_demo,76595.13,41.33,Image_23,3,"{""Java"": 2, ""Spring"": 1}",Image 23,0.0,20.0,2.0,0.2325,ranked_candidate,"Ranked using semantic match 0.0, effective capacity 20.0 hours, and current utilization 0%."
400,java_backend_demo,76595.13,41.33,Image_24,3,"{""Java"": 2, ""Spring"": 1}",Image 24,0.0,20.0,2.0,0.2325,ranked_candidate,"Ranked using semantic match 0.0, effective capacity 20.0 hours, and current utilization 0%."
401,java_backend_demo,76595.13,41.33,Image_25,3,"{""Java"": 2, ""Spring"": 1}",Image 25,0.0,20.0,2.0,0.2325,ranked_candidate,"Ranked using semantic match 0.0, effective capacity 20.0 hours, and current utilization 0%."
402,java_backend_demo,76595.13,41.33,Image_27,3,"{""Java"": 2, ""Spring"": 1}",Image 27,0.0,20.0,2.0,0.2325,ranked_candidate,"Ranked using semantic match 0.0, effective capacity 20.0 hours, and current utilization 0%."
403,java_backend_demo,76595.13,41.33,Image_28,3,"{""Java"": 2, ""Spring"": 1}",Image 28,0.0,20.0,2.0,0.2325,ranked_candidate,"Ranked using semantic match 0.0, effective capacity 20.0 hours, and current utilization 0%."
404,java_backend_demo,76595.13,41.33,Image_29,3,"{""Java"": 2, ""Spring"": 1}",Image 29,0.0,20.0,2.0,0.2325,ranked_candidate,"Ranked using semantic match 0.0, effective capacity 20.0 hours, and current utilization 0%."
405,java_backend_demo,76595.13,41.33,Image_33,3,"{""Java"": 2, ""Spring"": 1}",Image 33,0.0,20.0,2.0,0.2325,ranked_candidate,"Ranked using semantic match 0.0, effective capacity 20.0 hours, and current utilization 0%."
406,java_backend_demo,76595.13,41.33,Image_34,3,"{""Java"": 2, ""Spring"": 1}",Image 34,0.0,20.0,2.0,0.2325,ranked_candidate,"Ranked using semantic match 0.0, effective capacity 20.0 hours, and current utilization 0%."
407,java_backend_demo,76595.13,41.33,Image_35,3,"{""Java"": 2, ""Spring"": 1}",Image 35,0.0,20.0,2.0,0.2325,ranked_candidate,"Ranked using semantic match 0.0, effective capacity 20.0 hours, and current utilization 0%."
408,java_backend_demo,76595.13,41.33,Image_37,3,"{""Java"": 2, ""Spring"": 1}",Image 37,0.0,20.0,2.0,0.2325,ranked_candidate,"Ranked using semantic match 0.0, effective capacity 20.0 hours, and current utilization 0%."
409,java_backend_demo,76595.13,41.33,Image_4,3,"{""Java"": 2, ""Spring"": 1}",Image 4,0.0,20.0,2.0,0.2325,ranked_candidate,"Ranked using semantic match 0.0, effective capacity 20.0 hours, and current utilization 0%."
410,java_backend_demo,76595.13,41.33,Image_41,3,"{""Java"": 2, ""Spring"": 1}",Image 41,0.0,20.0,2.0,0.2325,ranked_candidate,"Ranked using semantic match 0.0, effective capacity 20.0 hours, and current utilization 0%."
411,java_backend_demo,76595.13,41.33,Image_43,3,"{""Java"": 2, ""Spring"": 1}",Image 43,0.0,20.0,2.0,0.2325,ranked_candidate,"Ranked using semantic match 0.0, effective capacity 20.0 hours, and current utilization 0%."
412,java_backend_demo,76595.13,41.33,Image_48,3,"{""Java"": 2, ""Spring"": 1}",Image 48,0.0,20.0,2.0,0.2325,ranked_candidate,"Ranked using semantic match 0.0, effective capacity 20.0 hours, and current utilization 0%."
413,java_backend_demo,76595.13,41.33,Image_49,3,"{""Java"": 2, ""Spring"": 1}",Image 49,0.0,20.0,2.0,0.2325,ranked_candidate,"Ranked using semantic match 0.0, effective capacity 20.0 hours, and current utilization 0%."
414,java_backend_demo,76595.13,41.33,Image_5,3,"{""Java"": 2, ""Spring"": 1}",Image 5,0.0,20.0,2.0,0.2325,ranked_candidate,"Ranked using semantic match 0.0, effective capacity 20.0 hours, and current utilization 0%."
415,java_backend_demo,76595.13,41.33,Image_50,3,"{""Java"": 2, ""Spring"": 1}",Image 50,0.0,20.0,2.0,0.2325,ranked_candidate,"Ranked using semantic match 0.0, effective capacity 20.0 hours, and current utilization 0%."
416,java_backend_demo,76595.13,41.33,Image_53,3,"{""Java"": 2, ""Spring"": 1}",Image 53,0.0,20.0,2.0,0.2325,ranked_candidate,"Ranked using semantic match 0.0, effective capacity 20.0 hours, and current utilization 0%."
417,java_backend_demo,76595.13,41.33,Image_55,3,"{""Java"": 2, ""Spring"": 1}",Image 55,0.0,20.0,2.0,0.2325,ranked_candidate,"Ranked using semantic match 0.0, effective capacity 20.0 hours, and current utilization 0%."
418,java_backend_demo,76595.13,41.33,Image_56,3,"{""Java"": 2, ""Spring"": 1}",Image 56,0.0,20.0,2.0,0.2325,ranked_candidate,"Ranked using semantic match 0.0, effective capacity 20.0 hours, and current utilization 0%."
419,java_backend_demo,76595.13,41.33,Image_59,3,"{""Java"": 2, ""Spring"": 1}",Image 59,0.0,20.0,2.0,0.2325,ranked_candidate,"Ranked using semantic match 0.0, effective capacity 20.0 hours, and current utilization 0%."
420,java_backend_demo,76595.13,41.33,Image_6,3,"{""Java"": 2, ""Spring"": 1}",Image 6,0.0,20.0,2.0,0.2325,ranked_candidate,"Ranked using semantic match 0.0, effective capacity 20.0 hours, and current utilization 0%."
421,java_backend_demo,76595.13,41.33,Image_60,3,"{""Java"": 2, ""Spring"": 1}",Image 60,0.0,20.0,2.0,0.2325,ranked_candidate,"Ranked using semantic match 0.0, effective capacity 20.0 hours, and current utilization 0%."
422,java_backend_demo,76595.13,41.33,Image_61,3,"{""Java"": 2, ""Spring"": 1}",Image 61,0.0,20.0,2.0,0.2325,ranked_candidate,"Ranked using semantic match 0.0, effective capacity 20.0 hours, and current utilization 0%."
423,java_backend_demo,76595.13,41.33,Image_62,3,"{""Java"": 2, ""Spring"": 1}",Image 62,0.0,20.0,2.0,0.2325,ranked_candidate,"Ranked using semantic match 0.0, effective capacity 20.0 hours, and current utilization 0%."
424,java_backend_demo,76595.13,41.33,Image_64,3,"{""Java"": 2, ""Spring"": 1}",Image 64,0.0,20.0,2.0,0.2325,ranked_candidate,"Ranked using semantic match 0.0, effective capacity 20.0 hours, and current utilization 0%."
425,java_backend_demo,76595.13,41.33,Image_65,3,"{""Java"": 2, ""Spring"": 1}",Image 65,0.0,20.0,2.0,0.2325,ranked_candidate,"Ranked using semantic match 0.0, effective capacity 20.0 hours, and current utilization 0%."
426,java_backend_demo,76595.13,41.33,Image_66,3,"{""Java"": 2, ""Spring"": 1}",Image 66,0.0,20.0,2.0,0.2325,ranked_candidate,"Ranked using semantic match 0.0, effective capacity 20.0 hours, and current utilization 0%."
427,java_backend_demo,76595.13,41.33,Image_67,3,"{""Java"": 2, ""Spring"": 1}",Image 67,0.0,20.0,2.0,0.2325,ranked_candidate,"Ranked using semantic match 0.0, effective capacity 20.0 hours, and current utilization 0%."
428,java_backend_demo,76595.13,41.33,Image_68,3,"{""Java"": 2, ""Spring"": 1}",Image 68,0.0,20.0,2.0,0.2325,ranked_candidate,"Ranked using semantic match 0.0, effective capacity 20.0 hours, and current utilization 0%."
429,java_backend_demo,76595.13,41.33,Image_69,3,"{""Java"": 2, ""Spring"": 1}",Image 69,0.0,20.0,2.0,0.2325,ranked_candidate,"Ranked using semantic match 0.0, effective capacity 20.0 hours, and current utilization 0%."
430,java_backend_demo,76595.13,41.33,Image_7,3,"{""Java"": 2, ""Spring"": 1}",Image 7,0.0,20.0,2.0,0.2325,ranked_candidate,"Ranked using semantic match 0.0, effective capacity 20.0 hours, and current utilization 0%."
431,java_backend_demo,76595.13,41.33,Image_70,3,"{""Java"": 2, ""Spring"": 1}",Image 70,0.0,20.0,2.0,0.2325,ranked_candidate,"Ranked using semantic match 0.0, effective capacity 20.0 hours, and current utilization 0%."
432,java_backend_demo,76595.13,41.33,Image_71,3,"{""Java"": 2, ""Spring"": 1}",Image 71,0.0,20.0,2.0,0.2325,ranked_candidate,"Ranked using semantic match 0.0, effective capacity 20.0 hours, and current utilization 0%."
433,java_backend_demo,76595.13,41.33,Image_72,3,"{""Java"": 2, ""Spring"": 1}",Image 72,0.0,20.0,2.0,0.2325,ranked_candidate,"Ranked using semantic match 0.0, effective capacity 20.0 hours, and current utilization 0%."
434,java_backend_demo,76595.13,41.33,Image_73,3,"{""Java"": 2, ""Spring"": 1}",Image 73,0.0,20.0,2.0,0.2325,ranked_candidate,"Ranked using semantic match 0.0, effective capacity 20.0 hours, and current utilization 0%."
435,java_backend_demo,76595.13,41.33,Image_74,3,"{""Java"": 2, ""Spring"": 1}",Image 74,0.0,20.0,2.0,0.2325,ranked_candidate,"Ranked using semantic match 0.0, effective capacity 20.0 hours, and current utilization 0%."
436,java_backend_demo,76595.13,41.33,Image_75,3,"{""Java"": 2, ""Spring"": 1}",Image 75,0.0,20.0,2.0,0.2325,ranked_candidate,"Ranked using semantic match 0.0, effective capacity 20.0 hours, and current utilization 0%."
437,java_backend_demo,76595.13,41.33,Image_78,3,"{""Java"": 2, ""Spring"": 1}",Image 78,0.0,20.0,2.0,0.2325,ranked_candidate,"Ranked using semantic match 0.0, effective capacity 20.0 hours, and current utilization 0%."
438,java_backend_demo,76595.13,41.33,Image_8,3,"{""Java"": 2, ""Spring"": 1}",Image 8,0.0,20.0,2.0,0.2325,ranked_candidate,"Ranked using semantic match 0.0, effective capacity 20.0 hours, and current utilization 0%."
439,java_backend_demo,76595.13,41.33,Image_81,3,"{""Java"": 2, ""Spring"": 1}",Image 81,0.0,20.0,2.0,0.2325,ranked_candidate,"Ranked using semantic match 0.0, effective capacity 20.0 hours, and current utilization 0%."
440,java_backend_demo,76595.13,41.33,Image_84,3,"{""Java"": 2, ""Spring"": 1}",Image 84,0.0,20.0,2.0,0.2325,ranked_candidate,"Ranked using semantic match 0.0, effective capacity 20.0 hours, and current utilization 0%."
441,java_backend_demo,76595.13,41.33,Image_85,3,"{""Java"": 2, ""Spring"": 1}",Image 85,0.0,20.0,2.0,0.2325,ranked_candidate,"Ranked using semantic match 0.0, effective capacity 20.0 hours, and current utilization 0%."
442,java_backend_demo,76595.13,41.33,Image_86,3,"{""Java"": 2, ""Spring"": 1}",Image 86,0.0,20.0,2.0,0.2325,ranked_candidate,"Ranked using semantic match 0.0, effective capacity 20.0 hours, and current utilization 0%."
443,java_backend_demo,76595.13,41.33,Image_87,3,"{""Java"": 2, ""Spring"": 1}",Image 87,0.0,20.0,2.0,0.2325,ranked_candidate,"Ranked using semantic match 0.0, effective capacity 20.0 hours, and current utilization 0%."
444,java_backend_demo,76595.13,41.33,Image_88,3,"{""Java"": 2, ""Spring"": 1}",Image 88,0.0,20.0,2.0,0.2325,ranked_candidate,"Ranked using semantic match 0.0, effective capacity 20.0 hours, and current utilization 0%."
445,java_backend_demo,76595.13,41.33,Image_89,3,"{""Java"": 2, ""Spring"": 1}",Image 89,0.0,20.0,2.0,0.2325,ranked_candidate,"Ranked using semantic match 0.0, effective capacity 20.0 hours, and current utilization 0%."
446,java_backend_demo,76595.13,41.33,Image_90,3,"{""Java"": 2, ""Spring"": 1}",Image 90,0.0,20.0,2.0,0.2325,ranked_candidate,"Ranked using semantic match 0.0, effective capacity 20.0 hours, and current utilization 0%."
447,java_backend_demo,76595.13,41.33,Image_91,3,"{""Java"": 2, ""Spring"": 1}",Image 91,0.0,20.0,2.0,0.2325,ranked_candidate,"Ranked using semantic match 0.0, effective capacity 20.0 hours, and current utilization 0%."
448,java_backend_demo,76595.13,41.33,Image_93,3,"{""Java"": 2, ""Spring"": 1}",Image 93,0.0,20.0,2.0,0.2325,ranked_candidate,"Ranked using semantic match 0.0, effective capacity 20.0 hours, and current utilization 0%."
449,java_backend_demo,76595.13,41.33,Image_94,3,"{""Java"": 2, ""Spring"": 1}",Image 94,0.0,20.0,2.0,0.2325,ranked_candidate,"Ranked using semantic match 0.0, effective capacity 20.0 hours, and current utilization 0%."
450,java_backend_demo,76595.13,41.33,Image_95,3,"{""Java"": 2, ""Spring"": 1}",Image 95,0.0,20.0,2.0,0.2325,ranked_candidate,"Ranked using semantic match 0.0, effective capacity 20.0 hours, and current utilization 0%."
451,java_backend_demo,76595.13,41.33,Image_96,3,"{""Java"": 2, ""Spring"": 1}",Image 96,0.0,20.0,2.0,0.2325,ranked_candidate,"Ranked using semantic match 0.0, effective capacity 20.0 hours, and current utilization 0%."
452,java_backend_demo,76595.13,41.33,Image_97,3,"{""Java"": 2, ""Spring"": 1}",Image 97,0.0,20.0,2.0,0.2325,ranked_candidate,"Ranked using semantic match 0.0, effective capacity 20.0 hours, and current utilization 0%."
453,java_backend_demo,76595.13,41.33,Image_98,3,"{""Java"": 2, ""Spring"": 1}",Image 98,0.0,20.0,2.0,0.2325,ranked_candidate,"Ranked using semantic match 0.0, effective capacity 20.0 hours, and current utilization 0%."
454,java_backend_demo,76595.13,41.33,Image_99,3,"{""Java"": 2, ""Spring"": 1}",Image 99,0.0,20.0,2.0,0.2325,ranked_candidate,"Ranked using semantic match 0.0, effective capacity 20.0 hours, and current utilization 0%."
455,java_backend_demo,76595.13,41.33,a04ac192b4d64895,3,"{""Java"": 2, ""Spring"": 1}",a04ac192b4d64895,0.0,20.0,2.0,0.2325,ranked_candidate,"Ranked using semantic match 0.0, effective capacity 20.0 hours, and current utilization 0%."
456,java_backend_demo,76595.13,41.33,a12f4c7695ecdd43,3,"{""Java"": 2, ""Spring"": 1}",a12f4c7695ecdd43,0.0,20.0,2.0,0.2325,ranked_candidate,"Ranked using semantic match 0.0, effective capacity 20.0 hours, and current utilization 0%."
457,java_backend_demo,76595.13,41.33,a35679647a5b386d,3,"{""Java"": 2, ""Spring"": 1}",a35679647a5b386d,0.0,20.0,2.0,0.2325,ranked_candidate,"Ranked using semantic match 0.0, effective capacity 20.0 hours, and current utilization 0%."
458,java_backend_demo,76595.13,41.33,a3ca4240f40db18f,3,"{""Java"": 2, ""Spring"": 1}",a3ca4240f40db18f,0.0,20.0,2.0,0.2325,ranked_candidate,"Ranked using semantic match 0.0, effective capacity 20.0 hours, and current utilization 0%."
459,java_backend_demo,76595.13,41.33,a462348e81f03046,3,"{""Java"": 2, ""Spring"": 1}",a462348e81f03046,0.0,20.0,2.0,0.2325,ranked_candidate,"Ranked using semantic match 0.0, effective capacity 20.0 hours, and current utilization 0%."
460,java_backend_demo,76595.13,41.33,a4f8e8acf6424dc4,3,"{""Java"": 2, ""Spring"": 1}",a4f8e8acf6424dc4,0.0,20.0,2.0,0.2325,ranked_candidate,"Ranked using semantic match 0.0, effective capacity 20.0 hours, and current utilization 0%."
461,java_backend_demo,76595.13,41.33,a6036805c7356dd1,3,"{""Java"": 2, ""Spring"": 1}",a6036805c7356dd1,0.0,20.0,2.0,0.2325,ranked_candidate,"Ranked using semantic match 0.0, effective capacity 20.0 hours, and current utilization 0%."
462,java_backend_demo,76595.13,41.33,a60d78b907149ab1,3,"{""Java"": 2, ""Spring"": 1}",a60d78b907149ab1,0.0,20.0,2.0,0.2325,ranked_candidate,"Ranked using semantic match 0.0, effective capacity 20.0 hours, and current utilization 0%."
463,java_backend_demo,76595.13,41.33,a63e17378e08d803,3,"{""Java"": 2, ""Spring"": 1}",a63e17378e08d803,0.0,20.0,2.0,0.2325,ranked_candidate,"Ranked using semantic match 0.0, effective capacity 20.0 hours, and current utilization 0%."
464,java_backend_demo,76595.13,41.33,a7582a3b8f4b27ff,3,"{""Java"": 2, ""Spring"": 1}",a7582a3b8f4b27ff,0.0,20.0,2.0,0.2325,ranked_candidate,"Ranked using semantic match 0.0, effective capacity 20.0 hours, and current utilization 0%."
465,java_backend_demo,76595.13,41.33,a7fdf536497675d3,3,"{""Java"": 2, ""Spring"": 1}",a7fdf536497675d3,0.0,20.0,2.0,0.2325,ranked_candidate,"Ranked using semantic match 0.0, effective capacity 20.0 hours, and current utilization 0%."
466,java_backend_demo,76595.13,41.33,a829dc5855c37adf,3,"{""Java"": 2, ""Spring"": 1}",a829dc5855c37adf,0.0,20.0,2.0,0.2325,ranked_candidate,"Ranked using semantic match 0.0, effective capacity 20.0 hours, and current utilization 0%."
467,java_backend_demo,76595.13,41.33,a8a139808ae3d31e,3,"{""Java"": 2, ""Spring"": 1}",a8a139808ae3d31e,0.0,20.0,2.0,0.2325,ranked_candidate,"Ranked using semantic match 0.0, effective capacity 20.0 hours, and current utilization 0%."
468,java_backend_demo,76595.13,41.33,a8b5a616c4fcec58,3,"{""Java"": 2, ""Spring"": 1}",a8b5a616c4fcec58,0.0,20.0,2.0,0.2325,ranked_candidate,"Ranked using semantic match 0.0, effective capacity 20.0 hours, and current utilization 0%."
469,java_backend_demo,76595.13,41.33,a8b6e27673663809,3,"{""Java"": 2, ""Spring"": 1}",a8b6e27673663809,0.0,20.0,2.0,0.2325,ranked_candidate,"Ranked using semantic match 0.0, effective capacity 20.0 hours, and current utilization 0%."
470,java_backend_demo,76595.13,41.33,a8d8c8fd3138fad6,3,"{""Java"": 2, ""Spring"": 1}",a8d8c8fd3138fad6,0.0,20.0,2.0,0.2325,ranked_candidate,"Ranked using semantic match 0.0, effective capacity 20.0 hours, and current utilization 0%."
471,java_backend_demo,76595.13,41.33,a9ee7fdd9a8494be,3,"{""Java"": 2, ""Spring"": 1}",a9ee7fdd9a8494be,0.0,20.0,2.0,0.2325,ranked_candidate,"Ranked using semantic match 0.0, effective capacity 20.0 hours, and current utilization 0%."
472,java_backend_demo,76595.13,41.33,aa098adba70c8509,3,"{""Java"": 2, ""Spring"": 1}",aa098adba70c8509,0.0,20.0,2.0,0.2325,ranked_candidate,"Ranked using semantic match 0.0, effective capacity 20.0 hours, and current utilization 0%."
473,java_backend_demo,76595.13,41.33,aa350075bb268abe,3,"{""Java"": 2, ""Spring"": 1}",aa350075bb268abe,0.0,20.0,2.0,0.2325,ranked_candidate,"Ranked using semantic match 0.0, effective capacity 20.0 hours, and current utilization 0%."
474,java_backend_demo,76595.13,41.33,aaf32d63f3e0f30f,3,"{""Java"": 2, ""Spring"": 1}",aaf32d63f3e0f30f,0.0,20.0,2.0,0.2325,ranked_candidate,"Ranked using semantic match 0.0, effective capacity 20.0 hours, and current utilization 0%."
475,java_backend_demo,76595.13,41.33,ab70b758a79918b8,3,"{""Java"": 2, ""Spring"": 1}",ab70b758a79918b8,0.0,20.0,2.0,0.2325,ranked_candidate,"Ranked using semantic match 0.0, effective capacity 20.0 hours, and current utilization 0%."
476,java_backend_demo,76595.13,41.33,adcb31b8d5e9d769,3,"{""Java"": 2, ""Spring"": 1}",adcb31b8d5e9d769,0.0,20.0,2.0,0.2325,ranked_candidate,"Ranked using semantic match 0.0, effective capacity 20.0 hours, and current utilization 0%."
477,java_backend_demo,76595.13,41.33,add9e42370c42424,3,"{""Java"": 2, ""Spring"": 1}",add9e42370c42424,0.0,20.0,2.0,0.2325,ranked_candidate,"Ranked using semantic match 0.0, effective capacity 20.0 hours, and current utilization 0%."
478,java_backend_demo,76595.13,41.33,ae0523d84546efc7,3,"{""Java"": 2, ""Spring"": 1}",ae0523d84546efc7,0.0,20.0,2.0,0.2325,ranked_candidate,"Ranked using semantic match 0.0, effective capacity 20.0 hours, and current utilization 0%."
479,java_backend_demo,76595.13,41.33,b0243a285772e9c2,3,"{""Java"": 2, ""Spring"": 1}",b0243a285772e9c2,0.0,20.0,2.0,0.2325,ranked_candidate,"Ranked using semantic match 0.0, effective capacity 20.0 hours, and current utilization 0%."
480,java_backend_demo,76595.13,41.33,b063b6dad4e038ea,3,"{""Java"": 2, ""Spring"": 1}",b063b6dad4e038ea,0.0,20.0,2.0,0.2325,ranked_candidate,"Ranked using semantic match 0.0, effective capacity 20.0 hours, and current utilization 0%."
481,java_backend_demo,76595.13,41.33,b1a93375aef448f8,3,"{""Java"": 2, ""Spring"": 1}",b1a93375aef448f8,0.0,20.0,2.0,0.2325,ranked_candidate,"Ranked using semantic match 0.0, effective capacity 20.0 hours, and current utilization 0%."
482,java_backend_demo,76595.13,41.33,b28cc9ac4081f3fd,3,"{""Java"": 2, ""Spring"": 1}",b28cc9ac4081f3fd,0.0,20.0,2.0,0.2325,ranked_candidate,"Ranked using semantic match 0.0, effective capacity 20.0 hours, and current utilization 0%."
483,java_backend_demo,76595.13,41.33,b2a58d21235af876,3,"{""Java"": 2, ""Spring"": 1}",b2a58d21235af876,0.0,20.0,2.0,0.2325,ranked_candidate,"Ranked using semantic match 0.0, effective capacity 20.0 hours, and current utilization 0%."
484,java_backend_demo,76595.13,41.33,b2abbb2c4d1c60f1,3,"{""Java"": 2, ""Spring"": 1}",b2abbb2c4d1c60f1,0.0,20.0,2.0,0.2325,ranked_candidate,"Ranked using semantic match 0.0, effective capacity 20.0 hours, and current utilization 0%."
485,java_backend_demo,76595.13,41.33,b2c76bfd0278688f,3,"{""Java"": 2, ""Spring"": 1}",b2c76bfd0278688f,0.0,20.0,2.0,0.2325,ranked_candidate,"Ranked using semantic match 0.0, effective capacity 20.0 hours, and current utilization 0%."
486,java_backend_demo,76595.13,41.33,b30ea5757bf9a0df,3,"{""Java"": 2, ""Spring"": 1}",b30ea5757bf9a0df,0.0,20.0,2.0,0.2325,ranked_candidate,"Ranked using semantic match 0.0, effective capacity 20.0 hours, and current utilization 0%."
487,java_backend_demo,76595.13,41.33,b31194fca9089d52,3,"{""Java"": 2, ""Spring"": 1}",b31194fca9089d52,0.0,20.0,2.0,0.2325,ranked_candidate,"Ranked using semantic match 0.0, effective capacity 20.0 hours, and current utilization 0%."
488,java_backend_demo,76595.13,41.33,b37a6b48009b86e1,3,"{""Java"": 2, ""Spring"": 1}",b37a6b48009b86e1,0.0,20.0,2.0,0.2325,ranked_candidate,"Ranked using semantic match 0.0, effective capacity 20.0 hours, and current utilization 0%."
489,java_backend_demo,76595.13,41.33,b44b0e7c50f291fc,3,"{""Java"": 2, ""Spring"": 1}",b44b0e7c50f291fc,0.0,20.0,2.0,0.2325,ranked_candidate,"Ranked using semantic match 0.0, effective capacity 20.0 hours, and current utilization 0%."
490,java_backend_demo,76595.13,41.33,b4ce8f44da7559a0,3,"{""Java"": 2, ""Spring"": 1}",b4ce8f44da7559a0,0.0,20.0,2.0,0.2325,ranked_candidate,"Ranked using semantic match 0.0, effective capacity 20.0 hours, and current utilization 0%."
491,java_backend_demo,76595.13,41.33,b5c18c57499e1a17,3,"{""Java"": 2, ""Spring"": 1}",b5c18c57499e1a17,0.0,20.0,2.0,0.2325,ranked_candidate,"Ranked using semantic match 0.0, effective capacity 20.0 hours, and current utilization 0%."
492,java_backend_demo,76595.13,41.33,b675409808b781ef,3,"{""Java"": 2, ""Spring"": 1}",b675409808b781ef,0.0,20.0,2.0,0.2325,ranked_candidate,"Ranked using semantic match 0.0, effective capacity 20.0 hours, and current utilization 0%."
493,java_backend_demo,76595.13,41.33,b6846cd0a71be9fa,3,"{""Java"": 2, ""Spring"": 1}",b6846cd0a71be9fa,0.0,20.0,2.0,0.2325,ranked_candidate,"Ranked using semantic match 0.0, effective capacity 20.0 hours, and current utilization 0%."
494,java_backend_demo,76595.13,41.33,b75ab134773df9f3,3,"{""Java"": 2, ""Spring"": 1}",b75ab134773df9f3,0.0,20.0,2.0,0.2325,ranked_candidate,"Ranked using semantic match 0.0, effective capacity 20.0 hours, and current utilization 0%."
495,java_backend_demo,76595.13,41.33,b855ce0c712ea6fa,3,"{""Java"": 2, ""Spring"": 1}",b855ce0c712ea6fa,0.0,20.0,2.0,0.2325,ranked_candidate,"Ranked using semantic match 0.0, effective capacity 20.0 hours, and current utilization 0%."
496,java_backend_demo,76595.13,41.33,bacbb40e12f41a41,3,"{""Java"": 2, ""Spring"": 1}",bacbb40e12f41a41,0.0,20.0,2.0,0.2325,ranked_candidate,"Ranked using semantic match 0.0, effective capacity 20.0 hours, and current utilization 0%."
497,java_backend_demo,76595.13,41.33,bd0d79e778b8bba9,3,"{""Java"": 2, ""Spring"": 1}",bd0d79e778b8bba9,0.0,20.0,2.0,0.2325,ranked_candidate,"Ranked using semantic match 0.0, effective capacity 20.0 hours, and current utilization 0%."
498,java_backend_demo,76595.13,41.33,be1165b6ad980cd8,3,"{""Java"": 2, ""Spring"": 1}",be1165b6ad980cd8,0.0,20.0,2.0,0.2325,ranked_candidate,"Ranked using semantic match 0.0, effective capacity 20.0 hours, and current utilization 0%."
499,java_backend_demo,76595.13,41.33,be6c1b508e2ba6da,3,"{""Java"": 2, ""Spring"": 1}",be6c1b508e2ba6da,0.0,20.0,2.0,0.2325,ranked_candidate,"Ranked using semantic match 0.0, effective capacity 20.0 hours, and current utilization 0%."
500,java_backend_demo,76595.13,41.33,bf42ce2ccb998d6b,3,"{""Java"": 2, ""Spring"": 1}",bf42ce2ccb998d6b,0.0,20.0,2.0,0.2325,ranked_candidate,"Ranked using semantic match 0.0, effective capacity 20.0 hours, and current utilization 0%."
501,java_backend_demo,76595.13,41.33,bf51aea8300dfbc1,3,"{""Java"": 2, ""Spring"": 1}",bf51aea8300dfbc1,0.0,20.0,2.0,0.2325,ranked_candidate,"Ranked using semantic match 0.0, effective capacity 20.0 hours, and current utilization 0%."
502,java_backend_demo,76595.13,41.33,c0f4a8689c73449b,3,"{""Java"": 2, ""Spring"": 1}",c0f4a8689c73449b,0.0,20.0,2.0,0.2325,ranked_candidate,"Ranked using semantic match 0.0, effective capacity 20.0 hours, and current utilization 0%."
503,java_backend_demo,76595.13,41.33,c14ff30d4b24fb6f,3,"{""Java"": 2, ""Spring"": 1}",c14ff30d4b24fb6f,0.0,20.0,2.0,0.2325,ranked_candidate,"Ranked using semantic match 0.0, effective capacity 20.0 hours, and current utilization 0%."
504,java_backend_demo,76595.13,41.33,c166bba46a4a4289,3,"{""Java"": 2, ""Spring"": 1}",c166bba46a4a4289,0.0,20.0,2.0,0.2325,ranked_candidate,"Ranked using semantic match 0.0, effective capacity 20.0 hours, and current utilization 0%."
505,java_backend_demo,76595.13,41.33,c375b34b8c6b1f1f,3,"{""Java"": 2, ""Spring"": 1}",c375b34b8c6b1f1f,0.0,20.0,2.0,0.2325,ranked_candidate,"Ranked using semantic match 0.0, effective capacity 20.0 hours, and current utilization 0%."
506,java_backend_demo,76595.13,41.33,c3fcd4caeac06330,3,"{""Java"": 2, ""Spring"": 1}",c3fcd4caeac06330,0.0,20.0,2.0,0.2325,ranked_candidate,"Ranked using semantic match 0.0, effective capacity 20.0 hours, and current utilization 0%."
507,java_backend_demo,76595.13,41.33,c5bff60e45765fde,3,"{""Java"": 2, ""Spring"": 1}",c5bff60e45765fde,0.0,20.0,2.0,0.2325,ranked_candidate,"Ranked using semantic match 0.0, effective capacity 20.0 hours, and current utilization 0%."
508,java_backend_demo,76595.13,41.33,c61bc7268a27d235,3,"{""Java"": 2, ""Spring"": 1}",c61bc7268a27d235,0.0,20.0,2.0,0.2325,ranked_candidate,"Ranked using semantic match 0.0, effective capacity 20.0 hours, and current utilization 0%."
509,java_backend_demo,76595.13,41.33,c6733bacb708abb4,3,"{""Java"": 2, ""Spring"": 1}",c6733bacb708abb4,0.0,20.0,2.0,0.2325,ranked_candidate,"Ranked using semantic match 0.0, effective capacity 20.0 hours, and current utilization 0%."
510,java_backend_demo,76595.13,41.33,c68323faf3b99b5a,3,"{""Java"": 2, ""Spring"": 1}",c68323faf3b99b5a,0.0,20.0,2.0,0.2325,ranked_candidate,"Ranked using semantic match 0.0, effective capacity 20.0 hours, and current utilization 0%."
511,java_backend_demo,76595.13,41.33,c725d1fb98eb351f,3,"{""Java"": 2, ""Spring"": 1}",c725d1fb98eb351f,0.0,20.0,2.0,0.2325,ranked_candidate,"Ranked using semantic match 0.0, effective capacity 20.0 hours, and current utilization 0%."
512,java_backend_demo,76595.13,41.33,c971a2728df47121,3,"{""Java"": 2, ""Spring"": 1}",c971a2728df47121,0.0,20.0,2.0,0.2325,ranked_candidate,"Ranked using semantic match 0.0, effective capacity 20.0 hours, and current utilization 0%."
513,java_backend_demo,76595.13,41.33,ca05152b59c95bfa,3,"{""Java"": 2, ""Spring"": 1}",ca05152b59c95bfa,0.0,20.0,2.0,0.2325,ranked_candidate,"Ranked using semantic match 0.0, effective capacity 20.0 hours, and current utilization 0%."
514,java_backend_demo,76595.13,41.33,cb04c86367eaf2f8,3,"{""Java"": 2, ""Spring"": 1}",cb04c86367eaf2f8,0.0,20.0,2.0,0.2325,ranked_candidate,"Ranked using semantic match 0.0, effective capacity 20.0 hours, and current utilization 0%."
515,java_backend_demo,76595.13,41.33,cb9d2efb01e89bcd,3,"{""Java"": 2, ""Spring"": 1}",cb9d2efb01e89bcd,0.0,20.0,2.0,0.2325,ranked_candidate,"Ranked using semantic match 0.0, effective capacity 20.0 hours, and current utilization 0%."
516,java_backend_demo,76595.13,41.33,ccb073b6f5b6c055,3,"{""Java"": 2, ""Spring"": 1}",ccb073b6f5b6c055,0.0,20.0,2.0,0.2325,ranked_candidate,"Ranked using semantic match 0.0, effective capacity 20.0 hours, and current utilization 0%."
517,java_backend_demo,76595.13,41.33,cddb6c9624a0d330,3,"{""Java"": 2, ""Spring"": 1}",cddb6c9624a0d330,0.0,20.0,2.0,0.2325,ranked_candidate,"Ranked using semantic match 0.0, effective capacity 20.0 hours, and current utilization 0%."
518,java_backend_demo,76595.13,41.33,cf1b50a942d55203,3,"{""Java"": 2, ""Spring"": 1}",cf1b50a942d55203,0.0,20.0,2.0,0.2325,ranked_candidate,"Ranked using semantic match 0.0, effective capacity 20.0 hours, and current utilization 0%."
519,java_backend_demo,76595.13,41.33,d1076694f63005c7,3,"{""Java"": 2, ""Spring"": 1}",d1076694f63005c7,0.0,20.0,2.0,0.2325,ranked_candidate,"Ranked using semantic match 0.0, effective capacity 20.0 hours, and current utilization 0%."
520,java_backend_demo,76595.13,41.33,d2ec080935c07e4a,3,"{""Java"": 2, ""Spring"": 1}",d2ec080935c07e4a,0.0,20.0,2.0,0.2325,ranked_candidate,"Ranked using semantic match 0.0, effective capacity 20.0 hours, and current utilization 0%."
521,java_backend_demo,76595.13,41.33,d40debb4fc190300,3,"{""Java"": 2, ""Spring"": 1}",d40debb4fc190300,0.0,20.0,2.0,0.2325,ranked_candidate,"Ranked using semantic match 0.0, effective capacity 20.0 hours, and current utilization 0%."
522,java_backend_demo,76595.13,41.33,d4605e1d0f223ff8,3,"{""Java"": 2, ""Spring"": 1}",d4605e1d0f223ff8,0.0,20.0,2.0,0.2325,ranked_candidate,"Ranked using semantic match 0.0, effective capacity 20.0 hours, and current utilization 0%."
523,java_backend_demo,76595.13,41.33,d4a5faf41383c588,3,"{""Java"": 2, ""Spring"": 1}",d4a5faf41383c588,0.0,20.0,2.0,0.2325,ranked_candidate,"Ranked using semantic match 0.0, effective capacity 20.0 hours, and current utilization 0%."
524,java_backend_demo,76595.13,41.33,d68f2cc67507bea2,3,"{""Java"": 2, ""Spring"": 1}",d68f2cc67507bea2,0.0,20.0,2.0,0.2325,ranked_candidate,"Ranked using semantic match 0.0, effective capacity 20.0 hours, and current utilization 0%."
525,java_backend_demo,76595.13,41.33,d8d55b804e08301a,3,"{""Java"": 2, ""Spring"": 1}",d8d55b804e08301a,0.0,20.0,2.0,0.2325,ranked_candidate,"Ranked using semantic match 0.0, effective capacity 20.0 hours, and current utilization 0%."
526,java_backend_demo,76595.13,41.33,d8f334b80b505d02,3,"{""Java"": 2, ""Spring"": 1}",d8f334b80b505d02,0.0,20.0,2.0,0.2325,ranked_candidate,"Ranked using semantic match 0.0, effective capacity 20.0 hours, and current utilization 0%."
527,java_backend_demo,76595.13,41.33,da321b7dab39f10e,3,"{""Java"": 2, ""Spring"": 1}",da321b7dab39f10e,0.0,20.0,2.0,0.2325,ranked_candidate,"Ranked using semantic match 0.0, effective capacity 20.0 hours, and current utilization 0%."
528,java_backend_demo,76595.13,41.33,db3ff99ceb02a3a1,3,"{""Java"": 2, ""Spring"": 1}",db3ff99ceb02a3a1,0.0,20.0,2.0,0.2325,ranked_candidate,"Ranked using semantic match 0.0, effective capacity 20.0 hours, and current utilization 0%."
529,java_backend_demo,76595.13,41.33,dd48e13efd26a3be,3,"{""Java"": 2, ""Spring"": 1}",dd48e13efd26a3be,0.0,20.0,2.0,0.2325,ranked_candidate,"Ranked using semantic match 0.0, effective capacity 20.0 hours, and current utilization 0%."
530,java_backend_demo,76595.13,41.33,de891b38dac27c1d,3,"{""Java"": 2, ""Spring"": 1}",de891b38dac27c1d,0.0,20.0,2.0,0.2325,ranked_candidate,"Ranked using semantic match 0.0, effective capacity 20.0 hours, and current utilization 0%."
531,java_backend_demo,76595.13,41.33,e179bcdd60e8a459,3,"{""Java"": 2, ""Spring"": 1}",e179bcdd60e8a459,0.0,20.0,2.0,0.2325,ranked_candidate,"Ranked using semantic match 0.0, effective capacity 20.0 hours, and current utilization 0%."
532,java_backend_demo,76595.13,41.33,e2595a74b0d3e79d,3,"{""Java"": 2, ""Spring"": 1}",e2595a74b0d3e79d,0.0,20.0,2.0,0.2325,ranked_candidate,"Ranked using semantic match 0.0, effective capacity 20.0 hours, and current utilization 0%."
533,java_backend_demo,76595.13,41.33,e47067df159cfe17,3,"{""Java"": 2, ""Spring"": 1}",e47067df159cfe17,0.0,20.0,2.0,0.2325,ranked_candidate,"Ranked using semantic match 0.0, effective capacity 20.0 hours, and current utilization 0%."
534,java_backend_demo,76595.13,41.33,e553bfb06581c9df,3,"{""Java"": 2, ""Spring"": 1}",e553bfb06581c9df,0.0,20.0,2.0,0.2325,ranked_candidate,"Ranked using semantic match 0.0, effective capacity 20.0 hours, and current utilization 0%."
535,java_backend_demo,76595.13,41.33,e62552ad692b460a,3,"{""Java"": 2, ""Spring"": 1}",e62552ad692b460a,0.0,20.0,2.0,0.2325,ranked_candidate,"Ranked using semantic match 0.0, effective capacity 20.0 hours, and current utilization 0%."
536,java_backend_demo,76595.13,41.33,e6e79471b6cb8ee6,3,"{""Java"": 2, ""Spring"": 1}",e6e79471b6cb8ee6,0.0,20.0,2.0,0.2325,ranked_candidate,"Ranked using semantic match 0.0, effective capacity 20.0 hours, and current utilization 0%."
537,java_backend_demo,76595.13,41.33,e95aa1f10038d300,3,"{""Java"": 2, ""Spring"": 1}",e95aa1f10038d300,0.0,20.0,2.0,0.2325,ranked_candidate,"Ranked using semantic match 0.0, effective capacity 20.0 hours, and current utilization 0%."
538,java_backend_demo,76595.13,41.33,ea82927f4c77c3f9,3,"{""Java"": 2, ""Spring"": 1}",ea82927f4c77c3f9,0.0,20.0,2.0,0.2325,ranked_candidate,"Ranked using semantic match 0.0, effective capacity 20.0 hours, and current utilization 0%."
539,java_backend_demo,76595.13,41.33,eb0747b7bc20d1a1,3,"{""Java"": 2, ""Spring"": 1}",eb0747b7bc20d1a1,0.0,20.0,2.0,0.2325,ranked_candidate,"Ranked using semantic match 0.0, effective capacity 20.0 hours, and current utilization 0%."
540,java_backend_demo,76595.13,41.33,ecf5f22af33bbeb5,3,"{""Java"": 2, ""Spring"": 1}",ecf5f22af33bbeb5,0.0,20.0,2.0,0.2325,ranked_candidate,"Ranked using semantic match 0.0, effective capacity 20.0 hours, and current utilization 0%."
541,java_backend_demo,76595.13,41.33,edd9f9a107796a43,3,"{""Java"": 2, ""Spring"": 1}",edd9f9a107796a43,0.0,20.0,2.0,0.2325,ranked_candidate,"Ranked using semantic match 0.0, effective capacity 20.0 hours, and current utilization 0%."
542,java_backend_demo,76595.13,41.33,f1927bbb9147f83d,3,"{""Java"": 2, ""Spring"": 1}",f1927bbb9147f83d,0.0,20.0,2.0,0.2325,ranked_candidate,"Ranked using semantic match 0.0, effective capacity 20.0 hours, and current utilization 0%."
543,java_backend_demo,76595.13,41.33,f253d703a8345384,3,"{""Java"": 2, ""Spring"": 1}",f253d703a8345384,0.0,20.0,2.0,0.2325,ranked_candidate,"Ranked using semantic match 0.0, effective capacity 20.0 hours, and current utilization 0%."
544,java_backend_demo,76595.13,41.33,f62ef322bd18d339,3,"{""Java"": 2, ""Spring"": 1}",f62ef322bd18d339,0.0,20.0,2.0,0.2325,ranked_candidate,"Ranked using semantic match 0.0, effective capacity 20.0 hours, and current utilization 0%."
545,java_backend_demo,76595.13,41.33,f65815b53025ce42,3,"{""Java"": 2, ""Spring"": 1}",f65815b53025ce42,0.0,20.0,2.0,0.2325,ranked_candidate,"Ranked using semantic match 0.0, effective capacity 20.0 hours, and current utilization 0%."
546,java_backend_demo,76595.13,41.33,f908dc9c6d10f16c,3,"{""Java"": 2, ""Spring"": 1}",f908dc9c6d10f16c,0.0,20.0,2.0,0.2325,ranked_candidate,"Ranked using semantic match 0.0, effective capacity 20.0 hours, and current utilization 0%."
